animal,granja,tratamiento,semana,leche
1,3,Control,1,33.38
1,3,Control,2,33.0
1,3,Control,3,34.71
1,3,Control,4,30.06
1,3,Control,5,35.04
1,3,Control,6,24.95
1,3,Control,7,29.49
1,3,Control,8,27.27
1,3,Control,9,26.01
1,3,Control,10,33.71
1,3,Control,11,32.97
1,3,Control,12,27.43
1,3,Control,13,35.84
1,3,Control,14,34.4
1,3,Control,15,28.28
1,3,Control,16,30.45
1,3,Control,17,29.12
1,3,Control,18,35.99
1,3,Control,19,30.73
1,3,Control,20,25.3
1,3,Control,21,28.72
1,3,Control,22,35.04
1,3,Control,23,36.56
1,3,Control,24,28.3
1,3,Control,25,27.3
1,3,Control,26,29.42
1,3,Control,27,30.37
1,3,Control,28,30.48
1,3,Control,29,33.93
1,3,Control,30,34.71
1,3,Control,31,22.38
1,3,Control,32,34.62
1,3,Control,33,26.35
1,3,Control,34,33.54
1,3,Control,35,37.76
1,3,Control,36,31.71
1,3,Control,37,27.1
1,3,Control,38,31.82
1,3,Control,39,36.67
1,3,Control,40,30.82
1,3,Control,41,36.35
1,3,Control,42,31.82
1,3,Control,43,30.59
1,3,Control,44,27.11
1,3,Control,45,34.55
1,3,Control,46,33.48
1,3,Control,47,31.4
1,3,Control,48,27.29
1,3,Control,49,34.67
1,3,Control,50,30.98
1,3,Control,51,33.23
1,3,Control,52,27.38
2,2,Aditivo,1,34.11
2,2,Aditivo,2,31.12
2,2,Aditivo,3,32.08
2,2,Aditivo,4,28.19
2,2,Aditivo,5,32.57
2,2,Aditivo,6,27.86
2,2,Aditivo,7,32.32
2,2,Aditivo,8,33.01
2,2,Aditivo,9,32.67
2,2,Aditivo,10,26.61
2,2,Aditivo,11,35.38
2,2,Aditivo,12,30.25
2,2,Aditivo,13,32.74
2,2,Aditivo,14,29.74
2,2,Aditivo,15,32.5
2,2,Aditivo,16,33.17
2,2,Aditivo,17,35.78
2,2,Aditivo,18,31.77
2,2,Aditivo,19,30.61
2,2,Aditivo,20,37.63
2,2,Aditivo,21,31.27
2,2,Aditivo,22,29.11
2,2,Aditivo,23,39.39
2,2,Aditivo,24,38.61
2,2,Aditivo,25,32.11
2,2,Aditivo,26,35.36
2,2,Aditivo,27,31.39
2,2,Aditivo,28,37.3
2,2,Aditivo,29,28.76
2,2,Aditivo,30,34.44
2,2,Aditivo,31,33.24
2,2,Aditivo,32,36.62
2,2,Aditivo,33,31.81
2,2,Aditivo,34,30.96
2,2,Aditivo,35,34.48
2,2,Aditivo,36,37.69
2,2,Aditivo,37,36.87
2,2,Aditivo,38,35.64
2,2,Aditivo,39,33.26
2,2,Aditivo,40,37.1
2,2,Aditivo,41,33.95
2,2,Aditivo,42,31.99
2,2,Aditivo,43,41.92
2,2,Aditivo,44,36.24
2,2,Aditivo,45,35.8
2,2,Aditivo,46,33.59
2,2,Aditivo,47,30.53
2,2,Aditivo,48,38.34
2,2,Aditivo,49,27.79
2,2,Aditivo,50,39.87
2,2,Aditivo,51,31.6
2,2,Aditivo,52,31.46
3,4,Aditivo,1,36.06
3,4,Aditivo,2,32.94
3,4,Aditivo,3,36.64
3,4,Aditivo,4,30.15
3,4,Aditivo,5,33.26
3,4,Aditivo,6,28.91
3,4,Aditivo,7,31.95
3,4,Aditivo,8,30.04
3,4,Aditivo,9,31.74
3,4,Aditivo,10,28.26
3,4,Aditivo,11,29.89
3,4,Aditivo,12,32.91
3,4,Aditivo,13,33.92
3,4,Aditivo,14,32.1
3,4,Aditivo,15,28.5
3,4,Aditivo,16,39.69
3,4,Aditivo,17,35.32
3,4,Aditivo,18,35.49
3,4,Aditivo,19,33.13
3,4,Aditivo,20,32.6
3,4,Aditivo,21,32.12
3,4,Aditivo,22,34.05
3,4,Aditivo,23,31.01
3,4,Aditivo,24,36.02
3,4,Aditivo,25,36.45
3,4,Aditivo,26,29.55
3,4,Aditivo,27,34.31
3,4,Aditivo,28,31.13
3,4,Aditivo,29,34.46
3,4,Aditivo,30,35.5
3,4,Aditivo,31,27.82
3,4,Aditivo,32,28.07
3,4,Aditivo,33,34.77
3,4,Aditivo,34,38.23
3,4,Aditivo,35,34.23
3,4,Aditivo,36,31.4
3,4,Aditivo,37,32.23
3,4,Aditivo,38,37.02
3,4,Aditivo,39,34.23
3,4,Aditivo,40,34.48
3,4,Aditivo,41,38.67
3,4,Aditivo,42,35.46
3,4,Aditivo,43,33.29
3,4,Aditivo,44,31.1
3,4,Aditivo,45,39.11
3,4,Aditivo,46,28.38
3,4,Aditivo,47,33.63
3,4,Aditivo,48,33.49
3,4,Aditivo,49,34.03
3,4,Aditivo,50,38.58
3,4,Aditivo,51,36.77
3,4,Aditivo,52,34.87
4,5,Aditivo,1,29.04
4,5,Aditivo,2,29.4
4,5,Aditivo,3,34.83
4,5,Aditivo,4,33.74
4,5,Aditivo,5,29.64
4,5,Aditivo,6,39.5
4,5,Aditivo,7,29.35
4,5,Aditivo,8,37.21
4,5,Aditivo,9,36.95
4,5,Aditivo,10,34.08
4,5,Aditivo,11,35.04
4,5,Aditivo,12,32.67
4,5,Aditivo,13,32.44
4,5,Aditivo,14,26.9
4,5,Aditivo,15,30.97
4,5,Aditivo,16,29.97
4,5,Aditivo,17,36.76
4,5,Aditivo,18,29.51
4,5,Aditivo,19,37.92
4,5,Aditivo,20,36.3
4,5,Aditivo,21,33.76
4,5,Aditivo,22,38.04
4,5,Aditivo,23,33.12
4,5,Aditivo,24,30.22
4,5,Aditivo,25,34.82
4,5,Aditivo,26,30.5
4,5,Aditivo,27,40.15
4,5,Aditivo,28,35.02
4,5,Aditivo,29,33.18
4,5,Aditivo,30,27.52
4,5,Aditivo,31,32.82
4,5,Aditivo,32,34.23
4,5,Aditivo,33,33.21
4,5,Aditivo,34,30.63
4,5,Aditivo,35,28.48
4,5,Aditivo,36,30.05
4,5,Aditivo,37,37.02
4,5,Aditivo,38,32.27
4,5,Aditivo,39,41.67
4,5,Aditivo,40,38.04
4,5,Aditivo,41,34.83
4,5,Aditivo,42,33.06
4,5,Aditivo,43,31.81
4,5,Aditivo,44,33.84
4,5,Aditivo,45,34.52
4,5,Aditivo,46,30.28
4,5,Aditivo,47,28.45
4,5,Aditivo,48,33.75
4,5,Aditivo,49,35.07
4,5,Aditivo,50,31.93
4,5,Aditivo,51,36.34
4,5,Aditivo,52,30.28
5,4,Aditivo,1,34.74
5,4,Aditivo,2,33.21
5,4,Aditivo,3,29.87
5,4,Aditivo,4,32.21
5,4,Aditivo,5,28.48
5,4,Aditivo,6,30.64
5,4,Aditivo,7,31.61
5,4,Aditivo,8,31.32
5,4,Aditivo,9,35.32
5,4,Aditivo,10,28.24
5,4,Aditivo,11,29.95
5,4,Aditivo,12,28.48
5,4,Aditivo,13,28.94
5,4,Aditivo,14,33.07
5,4,Aditivo,15,27.95
5,4,Aditivo,16,35.06
5,4,Aditivo,17,32.11
5,4,Aditivo,18,33.11
5,4,Aditivo,19,33.92
5,4,Aditivo,20,31.7
5,4,Aditivo,21,36.15
5,4,Aditivo,22,32.52
5,4,Aditivo,23,34.93
5,4,Aditivo,24,32.6
5,4,Aditivo,25,34.12
5,4,Aditivo,26,34.14
5,4,Aditivo,27,34.1
5,4,Aditivo,28,30.48
5,4,Aditivo,29,34.76
5,4,Aditivo,30,32.54
5,4,Aditivo,31,35.44
5,4,Aditivo,32,27.14
5,4,Aditivo,33,29.25
5,4,Aditivo,34,34.79
5,4,Aditivo,35,39.34
5,4,Aditivo,36,36.31
5,4,Aditivo,37,31.8
5,4,Aditivo,38,28.82
5,4,Aditivo,39,36.18
5,4,Aditivo,40,33.76
5,4,Aditivo,41,35.82
5,4,Aditivo,42,34.45
5,4,Aditivo,43,34.24
5,4,Aditivo,44,43.08
5,4,Aditivo,45,34.23
5,4,Aditivo,46,33.82
5,4,Aditivo,47,33.99
5,4,Aditivo,48,32.65
5,4,Aditivo,49,37.42
5,4,Aditivo,50,33.44
5,4,Aditivo,51,36.46
5,4,Aditivo,52,35.45
6,2,Control,1,28.4
6,2,Control,2,33.24
6,2,Control,3,26.63
6,2,Control,4,25.39
6,2,Control,5,28.21
6,2,Control,6,34.29
6,2,Control,7,29.57
6,2,Control,8,32.5
6,2,Control,9,26.32
6,2,Control,10,32.96
6,2,Control,11,28.71
6,2,Control,12,27.3
6,2,Control,13,32.94
6,2,Control,14,29.66
6,2,Control,15,32.43
6,2,Control,16,33.38
6,2,Control,17,30.58
6,2,Control,18,32.47
6,2,Control,19,29.5
6,2,Control,20,30.04
6,2,Control,21,28.67
6,2,Control,22,29.77
6,2,Control,23,31.76
6,2,Control,24,28.78
6,2,Control,25,34.07
6,2,Control,26,25.36
6,2,Control,27,33.09
6,2,Control,28,28.36
6,2,Control,29,29.34
6,2,Control,30,28.8
6,2,Control,31,32.75
6,2,Control,32,36.46
6,2,Control,33,33.22
6,2,Control,34,25.68
6,2,Control,35,33.41
6,2,Control,36,32.58
6,2,Control,37,27.47
6,2,Control,38,33.22
6,2,Control,39,34.4
6,2,Control,40,34.17
6,2,Control,41,33.63
6,2,Control,42,30.62
6,2,Control,43,36.66
6,2,Control,44,31.64
6,2,Control,45,30.03
6,2,Control,46,28.82
6,2,Control,47,32.74
6,2,Control,48,33.53
6,2,Control,49,34.63
6,2,Control,50,35.66
6,2,Control,51,32.12
6,2,Control,52,28.29
7,1,Aditivo,1,31.3
7,1,Aditivo,2,30.09
7,1,Aditivo,3,32.11
7,1,Aditivo,4,34.26
7,1,Aditivo,5,29.8
7,1,Aditivo,6,28.26
7,1,Aditivo,7,31.22
7,1,Aditivo,8,28.26
7,1,Aditivo,9,34.02
7,1,Aditivo,10,31.22
7,1,Aditivo,11,27.28
7,1,Aditivo,12,31.55
7,1,Aditivo,13,32.07
7,1,Aditivo,14,34.05
7,1,Aditivo,15,32.31
7,1,Aditivo,16,38.41
7,1,Aditivo,17,31.29
7,1,Aditivo,18,32.71
7,1,Aditivo,19,32.64
7,1,Aditivo,20,32.15
7,1,Aditivo,21,33.48
7,1,Aditivo,22,34.72
7,1,Aditivo,23,37.17
7,1,Aditivo,24,28.49
7,1,Aditivo,25,31.72
7,1,Aditivo,26,31.96
7,1,Aditivo,27,36.16
7,1,Aditivo,28,32.33
7,1,Aditivo,29,27.76
7,1,Aditivo,30,33.76
7,1,Aditivo,31,33.45
7,1,Aditivo,32,34.14
7,1,Aditivo,33,30.53
7,1,Aditivo,34,38.86
7,1,Aditivo,35,32.78
7,1,Aditivo,36,33.24
7,1,Aditivo,37,31.15
7,1,Aditivo,38,31.11
7,1,Aditivo,39,30.28
7,1,Aditivo,40,32.82
7,1,Aditivo,41,31.18
7,1,Aditivo,42,40.27
7,1,Aditivo,43,28.48
7,1,Aditivo,44,30.82
7,1,Aditivo,45,33.05
7,1,Aditivo,46,36.32
7,1,Aditivo,47,33.11
7,1,Aditivo,48,36.43
7,1,Aditivo,49,31.49
7,1,Aditivo,50,34.68
7,1,Aditivo,51,39.78
7,1,Aditivo,52,31.7
8,1,Control,1,29.87
8,1,Control,2,32.5
8,1,Control,3,32.4
8,1,Control,4,23.65
8,1,Control,5,31.42
8,1,Control,6,33.06
8,1,Control,7,32.57
8,1,Control,8,28.24
8,1,Control,9,30.06
8,1,Control,10,30.07
8,1,Control,11,26.41
8,1,Control,12,32.38
8,1,Control,13,27.73
8,1,Control,14,34.68
8,1,Control,15,31.1
8,1,Control,16,29.7
8,1,Control,17,30.17
8,1,Control,18,30.46
8,1,Control,19,34.85
8,1,Control,20,33.49
8,1,Control,21,29.99
8,1,Control,22,31.52
8,1,Control,23,29.86
8,1,Control,24,25.78
8,1,Control,25,33.89
8,1,Control,26,29.49
8,1,Control,27,32.24
8,1,Control,28,28.47
8,1,Control,29,30.98
8,1,Control,30,33.82
8,1,Control,31,29.13
8,1,Control,32,33.67
8,1,Control,33,34.83
8,1,Control,34,30.73
8,1,Control,35,23.47
8,1,Control,36,31.41
8,1,Control,37,33.42
8,1,Control,38,31.17
8,1,Control,39,36.17
8,1,Control,40,32.24
8,1,Control,41,28.93
8,1,Control,42,28.27
8,1,Control,43,28.29
8,1,Control,44,38.45
8,1,Control,45,31.78
8,1,Control,46,34.3
8,1,Control,47,39.41
8,1,Control,48,31.06
8,1,Control,49,31.94
8,1,Control,50,31.76
8,1,Control,51,29.94
8,1,Control,52,31.29
9,5,Aditivo,1,32.42
9,5,Aditivo,2,36.65
9,5,Aditivo,3,30.39
9,5,Aditivo,4,32.66
9,5,Aditivo,5,28.81
9,5,Aditivo,6,36.86
9,5,Aditivo,7,32.92
9,5,Aditivo,8,29.15
9,5,Aditivo,9,35.16
9,5,Aditivo,10,36.1
9,5,Aditivo,11,33.03
9,5,Aditivo,12,27.68
9,5,Aditivo,13,38.01
9,5,Aditivo,14,33.63
9,5,Aditivo,15,36.26
9,5,Aditivo,16,31.15
9,5,Aditivo,17,31.65
9,5,Aditivo,18,33.23
9,5,Aditivo,19,36.29
9,5,Aditivo,20,33.43
9,5,Aditivo,21,29.28
9,5,Aditivo,22,33.89
9,5,Aditivo,23,38.04
9,5,Aditivo,24,33.4
9,5,Aditivo,25,33.64
9,5,Aditivo,26,29.51
9,5,Aditivo,27,29.14
9,5,Aditivo,28,31.49
9,5,Aditivo,29,32.47
9,5,Aditivo,30,33.81
9,5,Aditivo,31,34.05
9,5,Aditivo,32,38.41
9,5,Aditivo,33,33.83
9,5,Aditivo,34,36.89
9,5,Aditivo,35,33.63
9,5,Aditivo,36,38.15
9,5,Aditivo,37,28.24
9,5,Aditivo,38,32.1
9,5,Aditivo,39,36.9
9,5,Aditivo,40,33.49
9,5,Aditivo,41,36.84
9,5,Aditivo,42,35.26
9,5,Aditivo,43,36.99
9,5,Aditivo,44,36.04
9,5,Aditivo,45,36.27
9,5,Aditivo,46,38.78
9,5,Aditivo,47,37.31
9,5,Aditivo,48,37.38
9,5,Aditivo,49,34.51
9,5,Aditivo,50,32.75
9,5,Aditivo,51,32.57
9,5,Aditivo,52,36.85
10,2,Aditivo,1,26.04
10,2,Aditivo,2,28.08
10,2,Aditivo,3,32.36
10,2,Aditivo,4,29.05
10,2,Aditivo,5,38.14
10,2,Aditivo,6,30.36
10,2,Aditivo,7,31.0
10,2,Aditivo,8,32.54
10,2,Aditivo,9,32.18
10,2,Aditivo,10,35.66
10,2,Aditivo,11,30.33
10,2,Aditivo,12,39.14
10,2,Aditivo,13,30.92
10,2,Aditivo,14,28.82
10,2,Aditivo,15,33.66
10,2,Aditivo,16,30.65
10,2,Aditivo,17,32.52
10,2,Aditivo,18,28.75
10,2,Aditivo,19,31.55
10,2,Aditivo,20,30.58
10,2,Aditivo,21,33.83
10,2,Aditivo,22,37.98
10,2,Aditivo,23,37.99
10,2,Aditivo,24,29.83
10,2,Aditivo,25,29.19
10,2,Aditivo,26,36.75
10,2,Aditivo,27,32.94
10,2,Aditivo,28,29.45
10,2,Aditivo,29,31.05
10,2,Aditivo,30,29.57
10,2,Aditivo,31,33.39
10,2,Aditivo,32,35.42
10,2,Aditivo,33,30.31
10,2,Aditivo,34,37.47
10,2,Aditivo,35,33.38
10,2,Aditivo,36,33.89
10,2,Aditivo,37,35.86
10,2,Aditivo,38,32.07
10,2,Aditivo,39,33.56
10,2,Aditivo,40,37.15
10,2,Aditivo,41,29.92
10,2,Aditivo,42,31.64
10,2,Aditivo,43,32.8
10,2,Aditivo,44,32.66
10,2,Aditivo,45,37.86
10,2,Aditivo,46,36.42
10,2,Aditivo,47,33.04
10,2,Aditivo,48,35.61
10,2,Aditivo,49,39.39
10,2,Aditivo,50,39.54
10,2,Aditivo,51,34.77
10,2,Aditivo,52,35.26
11,4,Control,1,29.68
11,4,Control,2,33.53
11,4,Control,3,29.29
11,4,Control,4,29.01
11,4,Control,5,32.24
11,4,Control,6,32.21
11,4,Control,7,24.61
11,4,Control,8,33.08
11,4,Control,9,26.77
11,4,Control,10,31.13
11,4,Control,11,27.86
11,4,Control,12,32.41
11,4,Control,13,27.49
11,4,Control,14,26.84
11,4,Control,15,29.6
11,4,Control,16,31.96
11,4,Control,17,34.65
11,4,Control,18,29.48
11,4,Control,19,23.5
11,4,Control,20,34.65
11,4,Control,21,34.51
11,4,Control,22,30.72
11,4,Control,23,30.88
11,4,Control,24,28.85
11,4,Control,25,33.36
11,4,Control,26,35.44
11,4,Control,27,31.98
11,4,Control,28,30.32
11,4,Control,29,38.82
11,4,Control,30,33.63
11,4,Control,31,34.36
11,4,Control,32,32.06
11,4,Control,33,29.21
11,4,Control,34,28.25
11,4,Control,35,34.99
11,4,Control,36,33.67
11,4,Control,37,30.84
11,4,Control,38,29.04
11,4,Control,39,35.21
11,4,Control,40,36.4
11,4,Control,41,28.72
11,4,Control,42,34.0
11,4,Control,43,30.9
11,4,Control,44,37.67
11,4,Control,45,39.43
11,4,Control,46,36.47
11,4,Control,47,33.23
11,4,Control,48,27.76
11,4,Control,49,33.99
11,4,Control,50,34.83
11,4,Control,51,31.55
11,4,Control,52,29.7
12,1,Control,1,29.08
12,1,Control,2,29.6
12,1,Control,3,35.94
12,1,Control,4,30.77
12,1,Control,5,27.97
12,1,Control,6,26.7
12,1,Control,7,33.27
12,1,Control,8,30.88
12,1,Control,9,28.07
12,1,Control,10,32.52
12,1,Control,11,31.03
12,1,Control,12,25.62
12,1,Control,13,32.42
12,1,Control,14,34.7
12,1,Control,15,38.43
12,1,Control,16,30.9
12,1,Control,17,31.55
12,1,Control,18,35.72
12,1,Control,19,31.46
12,1,Control,20,31.83
12,1,Control,21,29.16
12,1,Control,22,26.92
12,1,Control,23,33.89
12,1,Control,24,27.38
12,1,Control,25,34.67
12,1,Control,26,28.94
12,1,Control,27,32.15
12,1,Control,28,30.28
12,1,Control,29,34.97
12,1,Control,30,32.4
12,1,Control,31,37.43
12,1,Control,32,28.35
12,1,Control,33,32.89
12,1,Control,34,31.84
12,1,Control,35,32.59
12,1,Control,36,36.59
12,1,Control,37,33.61
12,1,Control,38,28.46
12,1,Control,39,33.55
12,1,Control,40,30.75
12,1,Control,41,30.63
12,1,Control,42,35.24
12,1,Control,43,30.34
12,1,Control,44,31.06
12,1,Control,45,32.35
12,1,Control,46,35.14
12,1,Control,47,34.09
12,1,Control,48,31.7
12,1,Control,49,31.63
12,1,Control,50,29.02
12,1,Control,51,30.27
12,1,Control,52,30.64
13,4,Aditivo,1,30.02
13,4,Aditivo,2,31.21
13,4,Aditivo,3,25.99
13,4,Aditivo,4,34.0
13,4,Aditivo,5,27.52
13,4,Aditivo,6,29.58
13,4,Aditivo,7,35.48
13,4,Aditivo,8,26.09
13,4,Aditivo,9,32.74
13,4,Aditivo,10,34.9
13,4,Aditivo,11,37.13
13,4,Aditivo,12,29.84
13,4,Aditivo,13,30.78
13,4,Aditivo,14,38.11
13,4,Aditivo,15,32.67
13,4,Aditivo,16,30.59
13,4,Aditivo,17,30.7
13,4,Aditivo,18,29.98
13,4,Aditivo,19,31.63
13,4,Aditivo,20,36.26
13,4,Aditivo,21,35.71
13,4,Aditivo,22,29.58
13,4,Aditivo,23,33.79
13,4,Aditivo,24,31.99
13,4,Aditivo,25,35.6
13,4,Aditivo,26,32.83
13,4,Aditivo,27,34.46
13,4,Aditivo,28,32.92
13,4,Aditivo,29,26.89
13,4,Aditivo,30,33.64
13,4,Aditivo,31,29.73
13,4,Aditivo,32,35.84
13,4,Aditivo,33,31.61
13,4,Aditivo,34,31.88
13,4,Aditivo,35,33.72
13,4,Aditivo,36,35.53
13,4,Aditivo,37,33.34
13,4,Aditivo,38,38.83
13,4,Aditivo,39,38.9
13,4,Aditivo,40,39.15
13,4,Aditivo,41,33.35
13,4,Aditivo,42,29.65
13,4,Aditivo,43,37.81
13,4,Aditivo,44,32.95
13,4,Aditivo,45,34.36
13,4,Aditivo,46,36.18
13,4,Aditivo,47,29.54
13,4,Aditivo,48,39.29
13,4,Aditivo,49,37.07
13,4,Aditivo,50,35.56
13,4,Aditivo,51,37.22
13,4,Aditivo,52,36.27
14,5,Control,1,31.71
14,5,Control,2,31.64
14,5,Control,3,32.51
14,5,Control,4,31.12
14,5,Control,5,30.81
14,5,Control,6,32.78
14,5,Control,7,29.57
14,5,Control,8,32.16
14,5,Control,9,29.18
14,5,Control,10,27.11
14,5,Control,11,36.37
14,5,Control,12,34.71
14,5,Control,13,33.8
14,5,Control,14,29.92
14,5,Control,15,29.51
14,5,Control,16,28.14
14,5,Control,17,31.0
14,5,Control,18,31.59
14,5,Control,19,33.53
14,5,Control,20,31.8
14,5,Control,21,31.66
14,5,Control,22,33.94
14,5,Control,23,31.83
14,5,Control,24,32.71
14,5,Control,25,32.49
14,5,Control,26,32.33
14,5,Control,27,34.34
14,5,Control,28,36.21
14,5,Control,29,28.18
14,5,Control,30,30.4
14,5,Control,31,27.56
14,5,Control,32,31.52
14,5,Control,33,25.65
14,5,Control,34,32.35
14,5,Control,35,28.67
14,5,Control,36,30.14
14,5,Control,37,33.53
14,5,Control,38,33.04
14,5,Control,39,26.13
14,5,Control,40,29.39
14,5,Control,41,28.5
14,5,Control,42,30.89
14,5,Control,43,28.56
14,5,Control,44,30.55
14,5,Control,45,35.57
14,5,Control,46,29.49
14,5,Control,47,31.51
14,5,Control,48,33.81
14,5,Control,49,34.34
14,5,Control,50,33.13
14,5,Control,51,33.99
14,5,Control,52,35.96
15,5,Control,1,32.13
15,5,Control,2,26.85
15,5,Control,3,35.51
15,5,Control,4,29.16
15,5,Control,5,32.35
15,5,Control,6,22.5
15,5,Control,7,30.11
15,5,Control,8,32.46
15,5,Control,9,27.22
15,5,Control,10,28.82
15,5,Control,11,31.22
15,5,Control,12,35.29
15,5,Control,13,32.01
15,5,Control,14,33.69
15,5,Control,15,25.09
15,5,Control,16,24.95
15,5,Control,17,29.67
15,5,Control,18,33.67
15,5,Control,19,31.14
15,5,Control,20,33.81
15,5,Control,21,28.68
15,5,Control,22,28.43
15,5,Control,23,32.62
15,5,Control,24,34.5
15,5,Control,25,33.97
15,5,Control,26,31.24
15,5,Control,27,31.37
15,5,Control,28,27.68
15,5,Control,29,32.84
15,5,Control,30,31.99
15,5,Control,31,31.77
15,5,Control,32,35.97
15,5,Control,33,36.95
15,5,Control,34,35.18
15,5,Control,35,25.81
15,5,Control,36,28.29
15,5,Control,37,28.19
15,5,Control,38,35.59
15,5,Control,39,33.21
15,5,Control,40,26.84
15,5,Control,41,34.85
15,5,Control,42,30.5
15,5,Control,43,32.84
15,5,Control,44,33.62
15,5,Control,45,30.59
15,5,Control,46,36.91
15,5,Control,47,38.88
15,5,Control,48,34.82
15,5,Control,49,34.81
15,5,Control,50,38.29
15,5,Control,51,31.72
15,5,Control,52,28.51
16,2,Aditivo,1,28.09
16,2,Aditivo,2,35.9
16,2,Aditivo,3,33.64
16,2,Aditivo,4,30.66
16,2,Aditivo,5,31.59
16,2,Aditivo,6,37.88
16,2,Aditivo,7,35.16
16,2,Aditivo,8,33.54
16,2,Aditivo,9,28.2
16,2,Aditivo,10,37.39
16,2,Aditivo,11,35.71
16,2,Aditivo,12,32.15
16,2,Aditivo,13,31.0
16,2,Aditivo,14,32.14
16,2,Aditivo,15,29.14
16,2,Aditivo,16,31.39
16,2,Aditivo,17,35.14
16,2,Aditivo,18,27.48
16,2,Aditivo,19,32.01
16,2,Aditivo,20,33.34
16,2,Aditivo,21,33.36
16,2,Aditivo,22,29.56
16,2,Aditivo,23,29.6
16,2,Aditivo,24,36.47
16,2,Aditivo,25,29.58
16,2,Aditivo,26,36.33
16,2,Aditivo,27,31.9
16,2,Aditivo,28,36.64
16,2,Aditivo,29,32.19
16,2,Aditivo,30,30.0
16,2,Aditivo,31,36.12
16,2,Aditivo,32,33.55
16,2,Aditivo,33,38.0
16,2,Aditivo,34,36.38
16,2,Aditivo,35,33.06
16,2,Aditivo,36,32.45
16,2,Aditivo,37,33.92
16,2,Aditivo,38,34.47
16,2,Aditivo,39,31.3
16,2,Aditivo,40,36.53
16,2,Aditivo,41,32.86
16,2,Aditivo,42,32.83
16,2,Aditivo,43,32.53
16,2,Aditivo,44,34.89
16,2,Aditivo,45,32.17
16,2,Aditivo,46,34.7
16,2,Aditivo,47,42.65
16,2,Aditivo,48,34.24
16,2,Aditivo,49,33.15
16,2,Aditivo,50,29.5
16,2,Aditivo,51,34.7
16,2,Aditivo,52,31.27
17,2,Aditivo,1,32.42
17,2,Aditivo,2,31.17
17,2,Aditivo,3,32.25
17,2,Aditivo,4,30.16
17,2,Aditivo,5,29.86
17,2,Aditivo,6,30.51
17,2,Aditivo,7,27.18
17,2,Aditivo,8,34.26
17,2,Aditivo,9,29.09
17,2,Aditivo,10,32.09
17,2,Aditivo,11,32.84
17,2,Aditivo,12,30.32
17,2,Aditivo,13,34.92
17,2,Aditivo,14,34.68
17,2,Aditivo,15,32.47
17,2,Aditivo,16,29.45
17,2,Aditivo,17,34.02
17,2,Aditivo,18,34.48
17,2,Aditivo,19,29.39
17,2,Aditivo,20,33.6
17,2,Aditivo,21,37.59
17,2,Aditivo,22,30.85
17,2,Aditivo,23,31.92
17,2,Aditivo,24,32.86
17,2,Aditivo,25,38.11
17,2,Aditivo,26,35.15
17,2,Aditivo,27,30.94
17,2,Aditivo,28,34.95
17,2,Aditivo,29,30.57
17,2,Aditivo,30,28.3
17,2,Aditivo,31,30.68
17,2,Aditivo,32,33.01
17,2,Aditivo,33,34.07
17,2,Aditivo,34,26.43
17,2,Aditivo,35,35.44
17,2,Aditivo,36,38.94
17,2,Aditivo,37,35.98
17,2,Aditivo,38,33.43
17,2,Aditivo,39,34.98
17,2,Aditivo,40,34.21
17,2,Aditivo,41,35.22
17,2,Aditivo,42,36.57
17,2,Aditivo,43,36.27
17,2,Aditivo,44,31.1
17,2,Aditivo,45,34.85
17,2,Aditivo,46,36.53
17,2,Aditivo,47,33.64
17,2,Aditivo,48,35.05
17,2,Aditivo,49,33.65
17,2,Aditivo,50,38.04
17,2,Aditivo,51,35.57
17,2,Aditivo,52,36.02
18,2,Control,1,35.5
18,2,Control,2,29.34
18,2,Control,3,29.27
18,2,Control,4,29.85
18,2,Control,5,29.94
18,2,Control,6,23.48
18,2,Control,7,28.42
18,2,Control,8,31.3
18,2,Control,9,30.43
18,2,Control,10,28.1
18,2,Control,11,28.56
18,2,Control,12,29.53
18,2,Control,13,28.25
18,2,Control,14,29.16
18,2,Control,15,29.13
18,2,Control,16,33.49
18,2,Control,17,33.9
18,2,Control,18,33.7
18,2,Control,19,32.23
18,2,Control,20,28.88
18,2,Control,21,33.93
18,2,Control,22,30.16
18,2,Control,23,31.22
18,2,Control,24,35.21
18,2,Control,25,31.5
18,2,Control,26,32.04
18,2,Control,27,27.11
18,2,Control,28,32.86
18,2,Control,29,28.51
18,2,Control,30,34.54
18,2,Control,31,31.0
18,2,Control,32,24.89
18,2,Control,33,30.58
18,2,Control,34,31.02
18,2,Control,35,33.21
18,2,Control,36,33.81
18,2,Control,37,30.87
18,2,Control,38,34.94
18,2,Control,39,22.45
18,2,Control,40,29.86
18,2,Control,41,28.71
18,2,Control,42,28.34
18,2,Control,43,35.03
18,2,Control,44,34.69
18,2,Control,45,29.92
18,2,Control,46,35.83
18,2,Control,47,32.65
18,2,Control,48,31.13
18,2,Control,49,30.37
18,2,Control,50,30.17
18,2,Control,51,33.97
18,2,Control,52,34.55
19,3,Aditivo,1,27.94
19,3,Aditivo,2,32.36
19,3,Aditivo,3,32.91
19,3,Aditivo,4,37.71
19,3,Aditivo,5,31.92
19,3,Aditivo,6,30.44
19,3,Aditivo,7,28.98
19,3,Aditivo,8,31.17
19,3,Aditivo,9,31.5
19,3,Aditivo,10,31.5
19,3,Aditivo,11,29.62
19,3,Aditivo,12,33.36
19,3,Aditivo,13,34.75
19,3,Aditivo,14,30.47
19,3,Aditivo,15,28.15
19,3,Aditivo,16,38.0
19,3,Aditivo,17,29.79
19,3,Aditivo,18,33.7
19,3,Aditivo,19,34.38
19,3,Aditivo,20,32.95
19,3,Aditivo,21,28.48
19,3,Aditivo,22,31.81
19,3,Aditivo,23,33.68
19,3,Aditivo,24,35.25
19,3,Aditivo,25,34.23
19,3,Aditivo,26,38.47
19,3,Aditivo,27,34.51
19,3,Aditivo,28,34.42
19,3,Aditivo,29,38.96
19,3,Aditivo,30,26.99
19,3,Aditivo,31,33.35
19,3,Aditivo,32,29.99
19,3,Aditivo,33,35.96
19,3,Aditivo,34,32.17
19,3,Aditivo,35,31.83
19,3,Aditivo,36,33.1
19,3,Aditivo,37,33.34
19,3,Aditivo,38,31.82
19,3,Aditivo,39,37.21
19,3,Aditivo,40,33.35
19,3,Aditivo,41,31.4
19,3,Aditivo,42,30.91
19,3,Aditivo,43,31.8
19,3,Aditivo,44,35.91
19,3,Aditivo,45,38.27
19,3,Aditivo,46,36.55
19,3,Aditivo,47,32.75
19,3,Aditivo,48,32.56
19,3,Aditivo,49,37.35
19,3,Aditivo,50,36.46
19,3,Aditivo,51,34.26
19,3,Aditivo,52,35.3
20,1,Control,1,36.46
20,1,Control,2,29.8
20,1,Control,3,35.64
20,1,Control,4,27.09
20,1,Control,5,28.31
20,1,Control,6,30.91
20,1,Control,7,28.07
20,1,Control,8,32.66
20,1,Control,9,31.82
20,1,Control,10,32.81
20,1,Control,11,31.12
20,1,Control,12,30.97
20,1,Control,13,28.66
20,1,Control,14,29.68
20,1,Control,15,34.65
20,1,Control,16,29.43
20,1,Control,17,33.3
20,1,Control,18,31.79
20,1,Control,19,34.1
20,1,Control,20,33.3
20,1,Control,21,34.0
20,1,Control,22,33.81
20,1,Control,23,32.84
20,1,Control,24,31.42
20,1,Control,25,34.36
20,1,Control,26,27.64
20,1,Control,27,29.8
20,1,Control,28,27.25
20,1,Control,29,30.98
20,1,Control,30,30.35
20,1,Control,31,25.27
20,1,Control,32,29.98
20,1,Control,33,29.43
20,1,Control,34,28.49
20,1,Control,35,32.01
20,1,Control,36,32.3
20,1,Control,37,30.11
20,1,Control,38,35.95
20,1,Control,39,35.77
20,1,Control,40,36.0
20,1,Control,41,37.62
20,1,Control,42,30.3
20,1,Control,43,31.99
20,1,Control,44,26.25
20,1,Control,45,34.27
20,1,Control,46,32.15
20,1,Control,47,29.68
20,1,Control,48,38.64
20,1,Control,49,36.11
20,1,Control,50,29.4
20,1,Control,51,28.99
20,1,Control,52,34.7
21,5,Aditivo,1,30.34
21,5,Aditivo,2,30.97
21,5,Aditivo,3,37.52
21,5,Aditivo,4,36.09
21,5,Aditivo,5,32.38
21,5,Aditivo,6,31.98
21,5,Aditivo,7,35.0
21,5,Aditivo,8,29.92
21,5,Aditivo,9,27.43
21,5,Aditivo,10,33.0
21,5,Aditivo,11,34.29
21,5,Aditivo,12,32.18
21,5,Aditivo,13,32.09
21,5,Aditivo,14,35.02
21,5,Aditivo,15,34.48
21,5,Aditivo,16,30.59
21,5,Aditivo,17,30.67
21,5,Aditivo,18,34.78
21,5,Aditivo,19,35.5
21,5,Aditivo,20,31.37
21,5,Aditivo,21,32.92
21,5,Aditivo,22,38.99
21,5,Aditivo,23,30.37
21,5,Aditivo,24,32.64
21,5,Aditivo,25,35.49
21,5,Aditivo,26,35.84
21,5,Aditivo,27,32.42
21,5,Aditivo,28,30.67
21,5,Aditivo,29,37.8
21,5,Aditivo,30,31.77
21,5,Aditivo,31,37.57
21,5,Aditivo,32,36.33
21,5,Aditivo,33,35.93
21,5,Aditivo,34,35.96
21,5,Aditivo,35,33.83
21,5,Aditivo,36,30.62
21,5,Aditivo,37,29.0
21,5,Aditivo,38,37.47
21,5,Aditivo,39,29.86
21,5,Aditivo,40,35.69
21,5,Aditivo,41,34.32
21,5,Aditivo,42,36.5
21,5,Aditivo,43,33.5
21,5,Aditivo,44,33.95
21,5,Aditivo,45,34.01
21,5,Aditivo,46,35.72
21,5,Aditivo,47,29.99
21,5,Aditivo,48,37.99
21,5,Aditivo,49,34.86
21,5,Aditivo,50,39.11
21,5,Aditivo,51,30.11
21,5,Aditivo,52,40.36
22,3,Aditivo,1,28.47
22,3,Aditivo,2,29.61
22,3,Aditivo,3,32.82
22,3,Aditivo,4,27.99
22,3,Aditivo,5,30.76
22,3,Aditivo,6,30.61
22,3,Aditivo,7,31.86
22,3,Aditivo,8,27.68
22,3,Aditivo,9,32.48
22,3,Aditivo,10,33.94
22,3,Aditivo,11,33.71
22,3,Aditivo,12,26.66
22,3,Aditivo,13,36.93
22,3,Aditivo,14,37.14
22,3,Aditivo,15,31.84
22,3,Aditivo,16,38.1
22,3,Aditivo,17,32.51
22,3,Aditivo,18,31.72
22,3,Aditivo,19,29.83
22,3,Aditivo,20,32.8
22,3,Aditivo,21,32.63
22,3,Aditivo,22,32.19
22,3,Aditivo,23,33.9
22,3,Aditivo,24,33.95
22,3,Aditivo,25,28.9
22,3,Aditivo,26,36.06
22,3,Aditivo,27,35.68
22,3,Aditivo,28,33.31
22,3,Aditivo,29,32.97
22,3,Aditivo,30,32.66
22,3,Aditivo,31,32.18
22,3,Aditivo,32,30.74
22,3,Aditivo,33,30.49
22,3,Aditivo,34,36.79
22,3,Aditivo,35,39.24
22,3,Aditivo,36,36.35
22,3,Aditivo,37,32.55
22,3,Aditivo,38,34.11
22,3,Aditivo,39,31.41
22,3,Aditivo,40,33.22
22,3,Aditivo,41,36.16
22,3,Aditivo,42,30.69
22,3,Aditivo,43,29.89
22,3,Aditivo,44,35.88
22,3,Aditivo,45,31.71
22,3,Aditivo,46,32.52
22,3,Aditivo,47,31.13
22,3,Aditivo,48,33.52
22,3,Aditivo,49,33.37
22,3,Aditivo,50,35.68
22,3,Aditivo,51,33.41
22,3,Aditivo,52,33.04
23,2,Control,1,34.24
23,2,Control,2,30.9
23,2,Control,3,29.24
23,2,Control,4,30.6
23,2,Control,5,32.16
23,2,Control,6,31.52
23,2,Control,7,27.24
23,2,Control,8,31.64
23,2,Control,9,34.61
23,2,Control,10,29.36
23,2,Control,11,35.63
23,2,Control,12,31.19
23,2,Control,13,33.2
23,2,Control,14,33.14
23,2,Control,15,30.21
23,2,Control,16,31.28
23,2,Control,17,29.65
23,2,Control,18,27.64
23,2,Control,19,30.88
23,2,Control,20,33.46
23,2,Control,21,30.73
23,2,Control,22,31.29
23,2,Control,23,32.21
23,2,Control,24,32.9
23,2,Control,25,30.74
23,2,Control,26,28.12
23,2,Control,27,31.97
23,2,Control,28,28.42
23,2,Control,29,35.3
23,2,Control,30,31.14
23,2,Control,31,30.03
23,2,Control,32,29.8
23,2,Control,33,30.88
23,2,Control,34,30.24
23,2,Control,35,29.19
23,2,Control,36,26.21
23,2,Control,37,31.93
23,2,Control,38,34.46
23,2,Control,39,31.86
23,2,Control,40,28.62
23,2,Control,41,26.14
23,2,Control,42,32.53
23,2,Control,43,27.23
23,2,Control,44,34.65
23,2,Control,45,34.22
23,2,Control,46,31.15
23,2,Control,47,33.11
23,2,Control,48,24.68
23,2,Control,49,36.91
23,2,Control,50,36.94
23,2,Control,51,36.61
23,2,Control,52,34.36
24,5,Control,1,30.66
24,5,Control,2,34.39
24,5,Control,3,29.76
24,5,Control,4,28.07
24,5,Control,5,29.93
24,5,Control,6,33.4
24,5,Control,7,24.95
24,5,Control,8,31.64
24,5,Control,9,29.46
24,5,Control,10,26.16
24,5,Control,11,29.47
24,5,Control,12,32.03
24,5,Control,13,27.97
24,5,Control,14,34.01
24,5,Control,15,32.67
24,5,Control,16,30.91
24,5,Control,17,28.06
24,5,Control,18,32.95
24,5,Control,19,34.56
24,5,Control,20,33.45
24,5,Control,21,32.05
24,5,Control,22,32.49
24,5,Control,23,27.83
24,5,Control,24,33.33
24,5,Control,25,30.68
24,5,Control,26,25.42
24,5,Control,27,26.03
24,5,Control,28,29.53
24,5,Control,29,27.84
24,5,Control,30,33.54
24,5,Control,31,32.18
24,5,Control,32,32.18
24,5,Control,33,33.61
24,5,Control,34,33.86
24,5,Control,35,38.35
24,5,Control,36,33.21
24,5,Control,37,27.46
24,5,Control,38,29.91
24,5,Control,39,30.35
24,5,Control,40,31.57
24,5,Control,41,33.21
24,5,Control,42,32.59
24,5,Control,43,33.92
24,5,Control,44,31.36
24,5,Control,45,31.56
24,5,Control,46,31.64
24,5,Control,47,27.07
24,5,Control,48,33.48
24,5,Control,49,26.09
24,5,Control,50,36.18
24,5,Control,51,36.6
24,5,Control,52,30.95
25,3,Control,1,35.15
25,3,Control,2,31.12
25,3,Control,3,32.92
25,3,Control,4,30.36
25,3,Control,5,25.46
25,3,Control,6,29.22
25,3,Control,7,33.29
25,3,Control,8,28.57
25,3,Control,9,32.0
25,3,Control,10,32.85
25,3,Control,11,30.5
25,3,Control,12,27.22
25,3,Control,13,29.71
25,3,Control,14,31.33
25,3,Control,15,33.86
25,3,Control,16,30.6
25,3,Control,17,30.79
25,3,Control,18,27.66
25,3,Control,19,31.41
25,3,Control,20,30.57
25,3,Control,21,31.56
25,3,Control,22,26.85
25,3,Control,23,35.4
25,3,Control,24,26.1
25,3,Control,25,32.2
25,3,Control,26,29.28
25,3,Control,27,29.89
25,3,Control,28,30.23
25,3,Control,29,29.44
25,3,Control,30,26.56
25,3,Control,31,34.43
25,3,Control,32,26.31
25,3,Control,33,31.35
25,3,Control,34,31.16
25,3,Control,35,36.08
25,3,Control,36,26.07
25,3,Control,37,26.66
25,3,Control,38,25.55
25,3,Control,39,35.88
25,3,Control,40,31.28
25,3,Control,41,33.99
25,3,Control,42,31.36
25,3,Control,43,33.16
25,3,Control,44,31.0
25,3,Control,45,30.99
25,3,Control,46,33.39
25,3,Control,47,34.21
25,3,Control,48,33.19
25,3,Control,49,32.23
25,3,Control,50,32.81
25,3,Control,51,33.45
25,3,Control,52,30.29
26,1,Aditivo,1,30.89
26,1,Aditivo,2,30.81
26,1,Aditivo,3,38.54
26,1,Aditivo,4,28.14
26,1,Aditivo,5,29.97
26,1,Aditivo,6,31.34
26,1,Aditivo,7,34.46
26,1,Aditivo,8,31.47
26,1,Aditivo,9,28.77
26,1,Aditivo,10,28.77
26,1,Aditivo,11,37.28
26,1,Aditivo,12,35.7
26,1,Aditivo,13,33.6
26,1,Aditivo,14,32.75
26,1,Aditivo,15,31.13
26,1,Aditivo,16,34.05
26,1,Aditivo,17,34.12
26,1,Aditivo,18,32.68
26,1,Aditivo,19,29.73
26,1,Aditivo,20,32.32
26,1,Aditivo,21,34.56
26,1,Aditivo,22,30.08
26,1,Aditivo,23,33.38
26,1,Aditivo,24,36.41
26,1,Aditivo,25,34.07
26,1,Aditivo,26,29.61
26,1,Aditivo,27,35.94
26,1,Aditivo,28,38.03
26,1,Aditivo,29,34.08
26,1,Aditivo,30,35.37
26,1,Aditivo,31,28.49
26,1,Aditivo,32,31.64
26,1,Aditivo,33,29.3
26,1,Aditivo,34,31.73
26,1,Aditivo,35,28.01
26,1,Aditivo,36,30.94
26,1,Aditivo,37,31.63
26,1,Aditivo,38,33.83
26,1,Aditivo,39,36.46
26,1,Aditivo,40,34.44
26,1,Aditivo,41,37.38
26,1,Aditivo,42,32.62
26,1,Aditivo,43,38.32
26,1,Aditivo,44,28.95
26,1,Aditivo,45,35.4
26,1,Aditivo,46,30.34
26,1,Aditivo,47,35.76
26,1,Aditivo,48,33.31
26,1,Aditivo,49,39.69
26,1,Aditivo,50,34.95
26,1,Aditivo,51,32.14
26,1,Aditivo,52,29.46
27,3,Aditivo,1,32.72
27,3,Aditivo,2,25.87
27,3,Aditivo,3,30.1
27,3,Aditivo,4,33.74
27,3,Aditivo,5,30.42
27,3,Aditivo,6,34.25
27,3,Aditivo,7,30.47
27,3,Aditivo,8,33.96
27,3,Aditivo,9,34.12
27,3,Aditivo,10,33.44
27,3,Aditivo,11,34.15
27,3,Aditivo,12,29.66
27,3,Aditivo,13,25.51
27,3,Aditivo,14,34.76
27,3,Aditivo,15,35.87
27,3,Aditivo,16,36.04
27,3,Aditivo,17,29.31
27,3,Aditivo,18,28.55
27,3,Aditivo,19,35.07
27,3,Aditivo,20,34.96
27,3,Aditivo,21,34.51
27,3,Aditivo,22,36.03
27,3,Aditivo,23,31.95
27,3,Aditivo,24,31.08
27,3,Aditivo,25,32.48
27,3,Aditivo,26,34.13
27,3,Aditivo,27,30.81
27,3,Aditivo,28,36.82
27,3,Aditivo,29,32.47
27,3,Aditivo,30,32.53
27,3,Aditivo,31,25.83
27,3,Aditivo,32,35.16
27,3,Aditivo,33,32.49
27,3,Aditivo,34,29.63
27,3,Aditivo,35,43.42
27,3,Aditivo,36,34.8
27,3,Aditivo,37,32.48
27,3,Aditivo,38,35.87
27,3,Aditivo,39,32.19
27,3,Aditivo,40,29.21
27,3,Aditivo,41,35.89
27,3,Aditivo,42,39.41
27,3,Aditivo,43,33.8
27,3,Aditivo,44,32.05
27,3,Aditivo,45,36.45
27,3,Aditivo,46,33.9
27,3,Aditivo,47,38.37
27,3,Aditivo,48,36.88
27,3,Aditivo,49,31.36
27,3,Aditivo,50,32.26
27,3,Aditivo,51,35.97
27,3,Aditivo,52,38.68
28,3,Aditivo,1,29.86
28,3,Aditivo,2,30.99
28,3,Aditivo,3,31.97
28,3,Aditivo,4,33.11
28,3,Aditivo,5,37.74
28,3,Aditivo,6,24.56
28,3,Aditivo,7,24.8
28,3,Aditivo,8,35.28
28,3,Aditivo,9,31.02
28,3,Aditivo,10,38.9
28,3,Aditivo,11,34.67
28,3,Aditivo,12,34.36
28,3,Aditivo,13,35.99
28,3,Aditivo,14,30.5
28,3,Aditivo,15,29.02
28,3,Aditivo,16,28.66
28,3,Aditivo,17,30.64
28,3,Aditivo,18,32.86
28,3,Aditivo,19,31.02
28,3,Aditivo,20,32.89
28,3,Aditivo,21,28.05
28,3,Aditivo,22,34.79
28,3,Aditivo,23,29.19
28,3,Aditivo,24,29.4
28,3,Aditivo,25,40.42
28,3,Aditivo,26,32.12
28,3,Aditivo,27,31.51
28,3,Aditivo,28,33.05
28,3,Aditivo,29,33.07
28,3,Aditivo,30,38.26
28,3,Aditivo,31,38.27
28,3,Aditivo,32,32.14
28,3,Aditivo,33,29.19
28,3,Aditivo,34,32.3
28,3,Aditivo,35,34.01
28,3,Aditivo,36,31.73
28,3,Aditivo,37,33.16
28,3,Aditivo,38,29.31
28,3,Aditivo,39,38.41
28,3,Aditivo,40,31.65
28,3,Aditivo,41,32.51
28,3,Aditivo,42,37.37
28,3,Aditivo,43,32.53
28,3,Aditivo,44,32.44
28,3,Aditivo,45,28.73
28,3,Aditivo,46,37.99
28,3,Aditivo,47,33.78
28,3,Aditivo,48,38.79
28,3,Aditivo,49,35.42
28,3,Aditivo,50,34.07
28,3,Aditivo,51,29.89
28,3,Aditivo,52,31.87
29,4,Aditivo,1,33.66
29,4,Aditivo,2,37.98
29,4,Aditivo,3,32.82
29,4,Aditivo,4,34.51
29,4,Aditivo,5,32.55
29,4,Aditivo,6,35.83
29,4,Aditivo,7,38.7
29,4,Aditivo,8,30.89
29,4,Aditivo,9,33.42
29,4,Aditivo,10,29.46
29,4,Aditivo,11,30.61
29,4,Aditivo,12,32.55
29,4,Aditivo,13,31.52
29,4,Aditivo,14,38.9
29,4,Aditivo,15,30.4
29,4,Aditivo,16,31.21
29,4,Aditivo,17,32.9
29,4,Aditivo,18,30.33
29,4,Aditivo,19,28.02
29,4,Aditivo,20,31.08
29,4,Aditivo,21,30.8
29,4,Aditivo,22,33.98
29,4,Aditivo,23,34.51
29,4,Aditivo,24,36.78
29,4,Aditivo,25,39.0
29,4,Aditivo,26,34.28
29,4,Aditivo,27,30.54
29,4,Aditivo,28,32.66
29,4,Aditivo,29,34.55
29,4,Aditivo,30,34.74
29,4,Aditivo,31,32.61
29,4,Aditivo,32,38.67
29,4,Aditivo,33,33.3
29,4,Aditivo,34,30.7
29,4,Aditivo,35,33.98
29,4,Aditivo,36,34.36
29,4,Aditivo,37,37.31
29,4,Aditivo,38,33.63
29,4,Aditivo,39,37.26
29,4,Aditivo,40,35.75
29,4,Aditivo,41,40.01
29,4,Aditivo,42,31.01
29,4,Aditivo,43,37.79
29,4,Aditivo,44,35.81
29,4,Aditivo,45,31.09
29,4,Aditivo,46,32.33
29,4,Aditivo,47,36.13
29,4,Aditivo,48,34.2
29,4,Aditivo,49,34.61
29,4,Aditivo,50,31.44
29,4,Aditivo,51,34.56
29,4,Aditivo,52,35.63
30,5,Aditivo,1,26.01
30,5,Aditivo,2,30.85
30,5,Aditivo,3,32.97
30,5,Aditivo,4,22.68
30,5,Aditivo,5,33.38
30,5,Aditivo,6,28.44
30,5,Aditivo,7,33.01
30,5,Aditivo,8,33.0
30,5,Aditivo,9,33.8
30,5,Aditivo,10,34.74
30,5,Aditivo,11,28.63
30,5,Aditivo,12,35.68
30,5,Aditivo,13,28.89
30,5,Aditivo,14,33.13
30,5,Aditivo,15,36.64
30,5,Aditivo,16,35.94
30,5,Aditivo,17,30.63
30,5,Aditivo,18,33.19
30,5,Aditivo,19,34.5
30,5,Aditivo,20,30.75
30,5,Aditivo,21,30.28
30,5,Aditivo,22,31.39
30,5,Aditivo,23,33.92
30,5,Aditivo,24,31.4
30,5,Aditivo,25,33.28
30,5,Aditivo,26,27.47
30,5,Aditivo,27,35.97
30,5,Aditivo,28,33.14
30,5,Aditivo,29,31.39
30,5,Aditivo,30,33.67
30,5,Aditivo,31,32.4
30,5,Aditivo,32,31.97
30,5,Aditivo,33,31.38
30,5,Aditivo,34,31.87
30,5,Aditivo,35,36.74
30,5,Aditivo,36,37.47
30,5,Aditivo,37,32.72
30,5,Aditivo,38,41.1
30,5,Aditivo,39,31.66
30,5,Aditivo,40,32.15
30,5,Aditivo,41,35.21
30,5,Aditivo,42,33.96
30,5,Aditivo,43,35.11
30,5,Aditivo,44,36.99
30,5,Aditivo,45,32.02
30,5,Aditivo,46,35.49
30,5,Aditivo,47,33.05
30,5,Aditivo,48,32.88
30,5,Aditivo,49,33.23
30,5,Aditivo,50,36.17
30,5,Aditivo,51,37.33
30,5,Aditivo,52,36.78
31,4,Aditivo,1,32.26
31,4,Aditivo,2,28.6
31,4,Aditivo,3,30.16
31,4,Aditivo,4,33.46
31,4,Aditivo,5,31.17
31,4,Aditivo,6,34.23
31,4,Aditivo,7,25.11
31,4,Aditivo,8,28.52
31,4,Aditivo,9,31.38
31,4,Aditivo,10,27.2
31,4,Aditivo,11,32.49
31,4,Aditivo,12,37.45
31,4,Aditivo,13,31.63
31,4,Aditivo,14,35.04
31,4,Aditivo,15,32.95
31,4,Aditivo,16,36.2
31,4,Aditivo,17,31.49
31,4,Aditivo,18,34.86
31,4,Aditivo,19,25.82
31,4,Aditivo,20,30.88
31,4,Aditivo,21,35.92
31,4,Aditivo,22,37.13
31,4,Aditivo,23,29.66
31,4,Aditivo,24,29.54
31,4,Aditivo,25,35.52
31,4,Aditivo,26,35.53
31,4,Aditivo,27,32.66
31,4,Aditivo,28,35.18
31,4,Aditivo,29,30.18
31,4,Aditivo,30,32.92
31,4,Aditivo,31,29.57
31,4,Aditivo,32,32.52
31,4,Aditivo,33,34.2
31,4,Aditivo,34,36.79
31,4,Aditivo,35,34.62
31,4,Aditivo,36,32.67
31,4,Aditivo,37,34.92
31,4,Aditivo,38,32.54
31,4,Aditivo,39,32.97
31,4,Aditivo,40,28.04
31,4,Aditivo,41,30.51
31,4,Aditivo,42,32.81
31,4,Aditivo,43,30.35
31,4,Aditivo,44,35.65
31,4,Aditivo,45,39.51
31,4,Aditivo,46,36.56
31,4,Aditivo,47,35.79
31,4,Aditivo,48,31.72
31,4,Aditivo,49,32.18
31,4,Aditivo,50,37.17
31,4,Aditivo,51,36.59
31,4,Aditivo,52,32.43
32,2,Aditivo,1,27.63
32,2,Aditivo,2,30.28
32,2,Aditivo,3,32.63
32,2,Aditivo,4,35.07
32,2,Aditivo,5,28.23
32,2,Aditivo,6,32.25
32,2,Aditivo,7,33.14
32,2,Aditivo,8,34.69
32,2,Aditivo,9,27.48
32,2,Aditivo,10,25.25
32,2,Aditivo,11,32.36
32,2,Aditivo,12,27.99
32,2,Aditivo,13,37.75
32,2,Aditivo,14,31.28
32,2,Aditivo,15,36.3
32,2,Aditivo,16,34.41
32,2,Aditivo,17,31.68
32,2,Aditivo,18,37.12
32,2,Aditivo,19,29.79
32,2,Aditivo,20,29.38
32,2,Aditivo,21,32.99
32,2,Aditivo,22,33.45
32,2,Aditivo,23,32.4
32,2,Aditivo,24,33.66
32,2,Aditivo,25,27.72
32,2,Aditivo,26,31.02
32,2,Aditivo,27,35.7
32,2,Aditivo,28,31.41
32,2,Aditivo,29,35.58
32,2,Aditivo,30,32.34
32,2,Aditivo,31,37.5
32,2,Aditivo,32,34.62
32,2,Aditivo,33,29.8
32,2,Aditivo,34,30.47
32,2,Aditivo,35,29.26
32,2,Aditivo,36,33.84
32,2,Aditivo,37,38.67
32,2,Aditivo,38,33.71
32,2,Aditivo,39,33.85
32,2,Aditivo,40,32.69
32,2,Aditivo,41,34.18
32,2,Aditivo,42,38.0
32,2,Aditivo,43,36.85
32,2,Aditivo,44,33.03
32,2,Aditivo,45,34.71
32,2,Aditivo,46,42.47
32,2,Aditivo,47,40.36
32,2,Aditivo,48,33.95
32,2,Aditivo,49,41.19
32,2,Aditivo,50,30.01
32,2,Aditivo,51,32.04
32,2,Aditivo,52,32.98
33,3,Control,1,29.99
33,3,Control,2,28.06
33,3,Control,3,34.66
33,3,Control,4,30.23
33,3,Control,5,21.62
33,3,Control,6,28.28
33,3,Control,7,26.77
33,3,Control,8,33.28
33,3,Control,9,28.28
33,3,Control,10,32.01
33,3,Control,11,28.58
33,3,Control,12,31.69
33,3,Control,13,32.13
33,3,Control,14,31.75
33,3,Control,15,31.02
33,3,Control,16,31.66
33,3,Control,17,30.32
33,3,Control,18,30.2
33,3,Control,19,32.6
33,3,Control,20,29.75
33,3,Control,21,33.58
33,3,Control,22,30.11
33,3,Control,23,28.7
33,3,Control,24,33.69
33,3,Control,25,33.81
33,3,Control,26,30.88
33,3,Control,27,36.58
33,3,Control,28,37.15
33,3,Control,29,32.48
33,3,Control,30,31.37
33,3,Control,31,32.41
33,3,Control,32,31.01
33,3,Control,33,31.14
33,3,Control,34,27.46
33,3,Control,35,30.64
33,3,Control,36,36.09
33,3,Control,37,36.34
33,3,Control,38,30.85
33,3,Control,39,26.15
33,3,Control,40,36.64
33,3,Control,41,35.51
33,3,Control,42,33.29
33,3,Control,43,29.13
33,3,Control,44,30.51
33,3,Control,45,30.64
33,3,Control,46,28.57
33,3,Control,47,31.9
33,3,Control,48,29.98
33,3,Control,49,32.5
33,3,Control,50,33.55
33,3,Control,51,31.53
33,3,Control,52,31.01
34,3,Control,1,30.13
34,3,Control,2,26.85
34,3,Control,3,30.71
34,3,Control,4,29.06
34,3,Control,5,27.97
34,3,Control,6,26.49
34,3,Control,7,31.69
34,3,Control,8,31.67
34,3,Control,9,32.85
34,3,Control,10,32.15
34,3,Control,11,32.42
34,3,Control,12,31.75
34,3,Control,13,25.37
34,3,Control,14,29.86
34,3,Control,15,26.45
34,3,Control,16,34.91
34,3,Control,17,30.81
34,3,Control,18,34.71
34,3,Control,19,27.86
34,3,Control,20,30.72
34,3,Control,21,31.84
34,3,Control,22,30.11
34,3,Control,23,31.71
34,3,Control,24,35.65
34,3,Control,25,28.15
34,3,Control,26,23.39
34,3,Control,27,36.15
34,3,Control,28,29.03
34,3,Control,29,34.82
34,3,Control,30,33.46
34,3,Control,31,30.9
34,3,Control,32,32.74
34,3,Control,33,28.23
34,3,Control,34,31.96
34,3,Control,35,33.53
34,3,Control,36,29.48
34,3,Control,37,30.71
34,3,Control,38,32.84
34,3,Control,39,35.92
34,3,Control,40,31.99
34,3,Control,41,30.76
34,3,Control,42,31.66
34,3,Control,43,35.63
34,3,Control,44,30.28
34,3,Control,45,31.35
34,3,Control,46,30.4
34,3,Control,47,31.74
34,3,Control,48,33.04
34,3,Control,49,35.55
34,3,Control,50,26.13
34,3,Control,51,34.22
34,3,Control,52,29.93
35,3,Aditivo,1,34.91
35,3,Aditivo,2,33.16
35,3,Aditivo,3,34.32
35,3,Aditivo,4,30.71
35,3,Aditivo,5,33.29
35,3,Aditivo,6,30.83
35,3,Aditivo,7,32.67
35,3,Aditivo,8,34.64
35,3,Aditivo,9,31.48
35,3,Aditivo,10,33.98
35,3,Aditivo,11,35.26
35,3,Aditivo,12,34.76
35,3,Aditivo,13,40.12
35,3,Aditivo,14,31.79
35,3,Aditivo,15,32.01
35,3,Aditivo,16,31.44
35,3,Aditivo,17,32.61
35,3,Aditivo,18,32.5
35,3,Aditivo,19,43.39
35,3,Aditivo,20,31.54
35,3,Aditivo,21,35.86
35,3,Aditivo,22,30.96
35,3,Aditivo,23,29.27
35,3,Aditivo,24,34.34
35,3,Aditivo,25,31.96
35,3,Aditivo,26,33.22
35,3,Aditivo,27,37.49
35,3,Aditivo,28,30.45
35,3,Aditivo,29,26.37
35,3,Aditivo,30,30.57
35,3,Aditivo,31,36.9
35,3,Aditivo,32,38.07
35,3,Aditivo,33,41.07
35,3,Aditivo,34,34.15
35,3,Aditivo,35,37.48
35,3,Aditivo,36,38.26
35,3,Aditivo,37,32.92
35,3,Aditivo,38,33.64
35,3,Aditivo,39,39.32
35,3,Aditivo,40,33.28
35,3,Aditivo,41,37.7
35,3,Aditivo,42,38.02
35,3,Aditivo,43,33.68
35,3,Aditivo,44,33.67
35,3,Aditivo,45,33.36
35,3,Aditivo,46,33.89
35,3,Aditivo,47,32.64
35,3,Aditivo,48,30.08
35,3,Aditivo,49,30.31
35,3,Aditivo,50,32.36
35,3,Aditivo,51,31.54
35,3,Aditivo,52,37.4
36,4,Control,1,31.43
36,4,Control,2,32.66
36,4,Control,3,36.93
36,4,Control,4,32.5
36,4,Control,5,31.91
36,4,Control,6,28.97
36,4,Control,7,32.14
36,4,Control,8,30.86
36,4,Control,9,31.42
36,4,Control,10,30.03
36,4,Control,11,31.17
36,4,Control,12,27.96
36,4,Control,13,31.36
36,4,Control,14,29.54
36,4,Control,15,27.7
36,4,Control,16,32.48
36,4,Control,17,33.72
36,4,Control,18,36.78
36,4,Control,19,33.42
36,4,Control,20,27.98
36,4,Control,21,32.8
36,4,Control,22,29.91
36,4,Control,23,30.81
36,4,Control,24,23.69
36,4,Control,25,33.63
36,4,Control,26,32.3
36,4,Control,27,37.5
36,4,Control,28,29.66
36,4,Control,29,29.33
36,4,Control,30,31.98
36,4,Control,31,30.19
36,4,Control,32,32.0
36,4,Control,33,28.71
36,4,Control,34,31.74
36,4,Control,35,36.28
36,4,Control,36,34.03
36,4,Control,37,33.14
36,4,Control,38,36.0
36,4,Control,39,37.68
36,4,Control,40,25.58
36,4,Control,41,30.64
36,4,Control,42,34.15
36,4,Control,43,30.16
36,4,Control,44,31.35
36,4,Control,45,29.1
36,4,Control,46,34.3
36,4,Control,47,33.33
36,4,Control,48,35.54
36,4,Control,49,38.71
36,4,Control,50,34.49
36,4,Control,51,41.37
36,4,Control,52,27.94
37,4,Control,1,28.23
37,4,Control,2,30.5
37,4,Control,3,31.97
37,4,Control,4,31.58
37,4,Control,5,36.35
37,4,Control,6,24.69
37,4,Control,7,31.56
37,4,Control,8,32.86
37,4,Control,9,29.23
37,4,Control,10,25.42
37,4,Control,11,33.31
37,4,Control,12,33.46
37,4,Control,13,32.72
37,4,Control,14,31.74
37,4,Control,15,28.95
37,4,Control,16,25.77
37,4,Control,17,32.91
37,4,Control,18,26.81
37,4,Control,19,27.42
37,4,Control,20,36.24
37,4,Control,21,30.99
37,4,Control,22,33.33
37,4,Control,23,31.78
37,4,Control,24,32.34
37,4,Control,25,33.41
37,4,Control,26,28.17
37,4,Control,27,28.98
37,4,Control,28,28.44
37,4,Control,29,31.39
37,4,Control,30,26.91
37,4,Control,31,34.15
37,4,Control,32,31.18
37,4,Control,33,26.44
37,4,Control,34,35.16
37,4,Control,35,27.23
37,4,Control,36,35.32
37,4,Control,37,31.3
37,4,Control,38,31.52
37,4,Control,39,30.74
37,4,Control,40,33.95
37,4,Control,41,34.16
37,4,Control,42,31.16
37,4,Control,43,31.89
37,4,Control,44,39.05
37,4,Control,45,33.6
37,4,Control,46,30.74
37,4,Control,47,35.89
37,4,Control,48,30.06
37,4,Control,49,37.92
37,4,Control,50,36.38
37,4,Control,51,30.94
37,4,Control,52,31.94
38,5,Aditivo,1,33.52
38,5,Aditivo,2,36.8
38,5,Aditivo,3,36.96
38,5,Aditivo,4,34.67
38,5,Aditivo,5,29.28
38,5,Aditivo,6,33.23
38,5,Aditivo,7,33.38
38,5,Aditivo,8,36.13
38,5,Aditivo,9,31.96
38,5,Aditivo,10,32.55
38,5,Aditivo,11,30.59
38,5,Aditivo,12,34.6
38,5,Aditivo,13,32.0
38,5,Aditivo,14,33.26
38,5,Aditivo,15,31.34
38,5,Aditivo,16,32.94
38,5,Aditivo,17,29.61
38,5,Aditivo,18,33.38
38,5,Aditivo,19,31.14
38,5,Aditivo,20,35.1
38,5,Aditivo,21,38.59
38,5,Aditivo,22,35.64
38,5,Aditivo,23,29.79
38,5,Aditivo,24,32.12
38,5,Aditivo,25,28.42
38,5,Aditivo,26,33.34
38,5,Aditivo,27,28.03
38,5,Aditivo,28,29.8
38,5,Aditivo,29,36.74
38,5,Aditivo,30,36.08
38,5,Aditivo,31,28.99
38,5,Aditivo,32,32.26
38,5,Aditivo,33,35.04
38,5,Aditivo,34,34.88
38,5,Aditivo,35,28.87
38,5,Aditivo,36,34.58
38,5,Aditivo,37,32.03
38,5,Aditivo,38,37.5
38,5,Aditivo,39,33.35
38,5,Aditivo,40,35.08
38,5,Aditivo,41,33.72
38,5,Aditivo,42,36.1
38,5,Aditivo,43,31.85
38,5,Aditivo,44,36.2
38,5,Aditivo,45,37.88
38,5,Aditivo,46,39.81
38,5,Aditivo,47,39.1
38,5,Aditivo,48,32.79
38,5,Aditivo,49,36.18
38,5,Aditivo,50,36.92
38,5,Aditivo,51,36.32
38,5,Aditivo,52,36.86
39,2,Control,1,28.07
39,2,Control,2,31.84
39,2,Control,3,26.56
39,2,Control,4,31.29
39,2,Control,5,25.98
39,2,Control,6,33.78
39,2,Control,7,31.35
39,2,Control,8,29.2
39,2,Control,9,32.7
39,2,Control,10,33.38
39,2,Control,11,32.89
39,2,Control,12,28.25
39,2,Control,13,30.78
39,2,Control,14,29.51
39,2,Control,15,33.45
39,2,Control,16,29.26
39,2,Control,17,30.63
39,2,Control,18,35.72
39,2,Control,19,28.58
39,2,Control,20,30.85
39,2,Control,21,33.37
39,2,Control,22,28.13
39,2,Control,23,38.09
39,2,Control,24,27.5
39,2,Control,25,30.13
39,2,Control,26,32.3
39,2,Control,27,34.48
39,2,Control,28,30.1
39,2,Control,29,27.69
39,2,Control,30,31.7
39,2,Control,31,36.59
39,2,Control,32,26.88
39,2,Control,33,32.43
39,2,Control,34,36.85
39,2,Control,35,29.28
39,2,Control,36,32.76
39,2,Control,37,28.83
39,2,Control,38,33.27
39,2,Control,39,31.84
39,2,Control,40,24.29
39,2,Control,41,35.54
39,2,Control,42,34.31
39,2,Control,43,33.76
39,2,Control,44,37.31
39,2,Control,45,35.71
39,2,Control,46,32.58
39,2,Control,47,33.41
39,2,Control,48,31.82
39,2,Control,49,29.36
39,2,Control,50,33.28
39,2,Control,51,30.38
39,2,Control,52,34.71
40,5,Aditivo,1,32.86
40,5,Aditivo,2,29.1
40,5,Aditivo,3,26.71
40,5,Aditivo,4,32.55
40,5,Aditivo,5,35.74
40,5,Aditivo,6,34.29
40,5,Aditivo,7,32.3
40,5,Aditivo,8,33.61
40,5,Aditivo,9,27.51
40,5,Aditivo,10,30.43
40,5,Aditivo,11,37.58
40,5,Aditivo,12,36.15
40,5,Aditivo,13,30.52
40,5,Aditivo,14,37.96
40,5,Aditivo,15,30.6
40,5,Aditivo,16,30.33
40,5,Aditivo,17,37.46
40,5,Aditivo,18,36.82
40,5,Aditivo,19,31.18
40,5,Aditivo,20,32.85
40,5,Aditivo,21,32.02
40,5,Aditivo,22,34.61
40,5,Aditivo,23,37.85
40,5,Aditivo,24,34.8
40,5,Aditivo,25,32.91
40,5,Aditivo,26,29.26
40,5,Aditivo,27,35.68
40,5,Aditivo,28,29.73
40,5,Aditivo,29,32.89
40,5,Aditivo,30,36.37
40,5,Aditivo,31,35.98
40,5,Aditivo,32,36.12
40,5,Aditivo,33,35.75
40,5,Aditivo,34,34.14
40,5,Aditivo,35,34.66
40,5,Aditivo,36,34.08
40,5,Aditivo,37,35.3
40,5,Aditivo,38,35.51
40,5,Aditivo,39,34.35
40,5,Aditivo,40,35.54
40,5,Aditivo,41,32.0
40,5,Aditivo,42,33.18
40,5,Aditivo,43,34.84
40,5,Aditivo,44,39.97
40,5,Aditivo,45,35.84
40,5,Aditivo,46,33.9
40,5,Aditivo,47,33.69
40,5,Aditivo,48,36.63
40,5,Aditivo,49,34.16
40,5,Aditivo,50,36.41
40,5,Aditivo,51,36.08
40,5,Aditivo,52,30.86
41,1,Aditivo,1,33.08
41,1,Aditivo,2,30.96
41,1,Aditivo,3,30.48
41,1,Aditivo,4,34.26
41,1,Aditivo,5,32.04
41,1,Aditivo,6,33.99
41,1,Aditivo,7,32.86
41,1,Aditivo,8,35.68
41,1,Aditivo,9,27.86
41,1,Aditivo,10,33.64
41,1,Aditivo,11,28.68
41,1,Aditivo,12,31.03
41,1,Aditivo,13,34.94
41,1,Aditivo,14,36.65
41,1,Aditivo,15,34.18
41,1,Aditivo,16,36.44
41,1,Aditivo,17,31.84
41,1,Aditivo,18,39.36
41,1,Aditivo,19,30.77
41,1,Aditivo,20,35.46
41,1,Aditivo,21,31.4
41,1,Aditivo,22,36.27
41,1,Aditivo,23,34.72
41,1,Aditivo,24,29.84
41,1,Aditivo,25,35.98
41,1,Aditivo,26,29.91
41,1,Aditivo,27,34.27
41,1,Aditivo,28,30.62
41,1,Aditivo,29,33.5
41,1,Aditivo,30,29.32
41,1,Aditivo,31,33.34
41,1,Aditivo,32,36.83
41,1,Aditivo,33,32.04
41,1,Aditivo,34,34.94
41,1,Aditivo,35,30.91
41,1,Aditivo,36,35.08
41,1,Aditivo,37,36.14
41,1,Aditivo,38,36.78
41,1,Aditivo,39,31.73
41,1,Aditivo,40,26.77
41,1,Aditivo,41,35.36
41,1,Aditivo,42,30.89
41,1,Aditivo,43,34.52
41,1,Aditivo,44,36.73
41,1,Aditivo,45,31.76
41,1,Aditivo,46,29.22
41,1,Aditivo,47,33.45
41,1,Aditivo,48,30.03
41,1,Aditivo,49,36.58
41,1,Aditivo,50,34.48
41,1,Aditivo,51,37.8
41,1,Aditivo,52,33.97
42,2,Aditivo,1,38.84
42,2,Aditivo,2,35.48
42,2,Aditivo,3,32.33
42,2,Aditivo,4,39.96
42,2,Aditivo,5,30.34
42,2,Aditivo,6,33.86
42,2,Aditivo,7,27.62
42,2,Aditivo,8,33.59
42,2,Aditivo,9,32.12
42,2,Aditivo,10,32.68
42,2,Aditivo,11,33.66
42,2,Aditivo,12,33.44
42,2,Aditivo,13,29.43
42,2,Aditivo,14,31.55
42,2,Aditivo,15,32.77
42,2,Aditivo,16,28.51
42,2,Aditivo,17,35.26
42,2,Aditivo,18,38.55
42,2,Aditivo,19,33.86
42,2,Aditivo,20,31.42
42,2,Aditivo,21,26.14
42,2,Aditivo,22,28.54
42,2,Aditivo,23,34.17
42,2,Aditivo,24,36.99
42,2,Aditivo,25,32.59
42,2,Aditivo,26,28.84
42,2,Aditivo,27,30.74
42,2,Aditivo,28,31.68
42,2,Aditivo,29,27.65
42,2,Aditivo,30,32.57
42,2,Aditivo,31,36.23
42,2,Aditivo,32,28.55
42,2,Aditivo,33,31.97
42,2,Aditivo,34,27.63
42,2,Aditivo,35,31.29
42,2,Aditivo,36,33.36
42,2,Aditivo,37,36.91
42,2,Aditivo,38,35.27
42,2,Aditivo,39,30.4
42,2,Aditivo,40,34.28
42,2,Aditivo,41,33.05
42,2,Aditivo,42,34.06
42,2,Aditivo,43,33.55
42,2,Aditivo,44,35.14
42,2,Aditivo,45,34.79
42,2,Aditivo,46,36.9
42,2,Aditivo,47,34.7
42,2,Aditivo,48,39.47
42,2,Aditivo,49,36.01
42,2,Aditivo,50,38.93
42,2,Aditivo,51,36.71
42,2,Aditivo,52,32.58
43,5,Control,1,31.76
43,5,Control,2,33.28
43,5,Control,3,29.27
43,5,Control,4,30.53
43,5,Control,5,30.08
43,5,Control,6,25.88
43,5,Control,7,29.06
43,5,Control,8,30.24
43,5,Control,9,30.99
43,5,Control,10,30.31
43,5,Control,11,33.5
43,5,Control,12,26.3
43,5,Control,13,33.71
43,5,Control,14,35.2
43,5,Control,15,32.49
43,5,Control,16,25.69
43,5,Control,17,28.26
43,5,Control,18,35.42
43,5,Control,19,28.03
43,5,Control,20,28.15
43,5,Control,21,31.74
43,5,Control,22,33.08
43,5,Control,23,32.4
43,5,Control,24,35.87
43,5,Control,25,27.04
43,5,Control,26,33.75
43,5,Control,27,31.36
43,5,Control,28,34.35
43,5,Control,29,31.7
43,5,Control,30,35.7
43,5,Control,31,24.29
43,5,Control,32,27.88
43,5,Control,33,33.28
43,5,Control,34,32.43
43,5,Control,35,34.59
43,5,Control,36,31.14
43,5,Control,37,32.23
43,5,Control,38,27.17
43,5,Control,39,35.62
43,5,Control,40,33.98
43,5,Control,41,30.84
43,5,Control,42,32.93
43,5,Control,43,37.26
43,5,Control,44,34.42
43,5,Control,45,34.7
43,5,Control,46,25.99
43,5,Control,47,31.39
43,5,Control,48,33.34
43,5,Control,49,24.61
43,5,Control,50,32.65
43,5,Control,51,31.68
43,5,Control,52,33.97
44,3,Aditivo,1,27.36
44,3,Aditivo,2,32.14
44,3,Aditivo,3,30.23
44,3,Aditivo,4,34.72
44,3,Aditivo,5,31.3
44,3,Aditivo,6,32.25
44,3,Aditivo,7,39.84
44,3,Aditivo,8,31.82
44,3,Aditivo,9,31.07
44,3,Aditivo,10,32.92
44,3,Aditivo,11,33.98
44,3,Aditivo,12,33.29
44,3,Aditivo,13,34.18
44,3,Aditivo,14,37.96
44,3,Aditivo,15,34.73
44,3,Aditivo,16,35.14
44,3,Aditivo,17,28.96
44,3,Aditivo,18,34.06
44,3,Aditivo,19,32.89
44,3,Aditivo,20,32.34
44,3,Aditivo,21,30.73
44,3,Aditivo,22,30.9
44,3,Aditivo,23,26.09
44,3,Aditivo,24,33.58
44,3,Aditivo,25,27.97
44,3,Aditivo,26,33.39
44,3,Aditivo,27,38.05
44,3,Aditivo,28,37.64
44,3,Aditivo,29,34.42
44,3,Aditivo,30,29.31
44,3,Aditivo,31,34.96
44,3,Aditivo,32,33.43
44,3,Aditivo,33,31.17
44,3,Aditivo,34,35.43
44,3,Aditivo,35,33.56
44,3,Aditivo,36,36.9
44,3,Aditivo,37,34.7
44,3,Aditivo,38,34.79
44,3,Aditivo,39,34.38
44,3,Aditivo,40,34.65
44,3,Aditivo,41,33.04
44,3,Aditivo,42,32.82
44,3,Aditivo,43,29.76
44,3,Aditivo,44,36.55
44,3,Aditivo,45,38.19
44,3,Aditivo,46,25.9
44,3,Aditivo,47,32.53
44,3,Aditivo,48,35.05
44,3,Aditivo,49,36.9
44,3,Aditivo,50,33.87
44,3,Aditivo,51,34.53
44,3,Aditivo,52,36.68
45,1,Control,1,31.08
45,1,Control,2,30.1
45,1,Control,3,31.8
45,1,Control,4,31.64
45,1,Control,5,31.37
45,1,Control,6,30.31
45,1,Control,7,30.63
45,1,Control,8,31.55
45,1,Control,9,24.68
45,1,Control,10,30.4
45,1,Control,11,33.49
45,1,Control,12,29.16
45,1,Control,13,24.38
45,1,Control,14,26.54
45,1,Control,15,30.98
45,1,Control,16,28.64
45,1,Control,17,31.25
45,1,Control,18,30.84
45,1,Control,19,29.54
45,1,Control,20,28.26
45,1,Control,21,31.64
45,1,Control,22,31.31
45,1,Control,23,30.78
45,1,Control,24,33.82
45,1,Control,25,31.85
45,1,Control,26,29.51
45,1,Control,27,30.27
45,1,Control,28,31.21
45,1,Control,29,31.82
45,1,Control,30,35.51
45,1,Control,31,36.61
45,1,Control,32,30.19
45,1,Control,33,28.59
45,1,Control,34,30.07
45,1,Control,35,33.01
45,1,Control,36,34.3
45,1,Control,37,30.63
45,1,Control,38,29.16
45,1,Control,39,33.1
45,1,Control,40,33.87
45,1,Control,41,35.15
45,1,Control,42,30.19
45,1,Control,43,33.14
45,1,Control,44,27.3
45,1,Control,45,31.93
45,1,Control,46,34.46
45,1,Control,47,36.8
45,1,Control,48,33.31
45,1,Control,49,31.72
45,1,Control,50,28.28
45,1,Control,51,33.24
45,1,Control,52,34.5
46,1,Aditivo,1,35.09
46,1,Aditivo,2,32.83
46,1,Aditivo,3,29.28
46,1,Aditivo,4,33.86
46,1,Aditivo,5,37.32
46,1,Aditivo,6,31.51
46,1,Aditivo,7,29.94
46,1,Aditivo,8,31.41
46,1,Aditivo,9,32.41
46,1,Aditivo,10,30.93
46,1,Aditivo,11,34.67
46,1,Aditivo,12,33.89
46,1,Aditivo,13,31.65
46,1,Aditivo,14,32.64
46,1,Aditivo,15,28.13
46,1,Aditivo,16,33.76
46,1,Aditivo,17,28.67
46,1,Aditivo,18,32.07
46,1,Aditivo,19,31.57
46,1,Aditivo,20,34.4
46,1,Aditivo,21,31.72
46,1,Aditivo,22,32.96
46,1,Aditivo,23,37.64
46,1,Aditivo,24,28.49
46,1,Aditivo,25,33.59
46,1,Aditivo,26,35.89
46,1,Aditivo,27,31.47
46,1,Aditivo,28,33.46
46,1,Aditivo,29,29.37
46,1,Aditivo,30,28.67
46,1,Aditivo,31,35.72
46,1,Aditivo,32,32.62
46,1,Aditivo,33,29.71
46,1,Aditivo,34,32.28
46,1,Aditivo,35,35.56
46,1,Aditivo,36,35.45
46,1,Aditivo,37,36.99
46,1,Aditivo,38,32.39
46,1,Aditivo,39,32.07
46,1,Aditivo,40,34.99
46,1,Aditivo,41,37.05
46,1,Aditivo,42,32.98
46,1,Aditivo,43,37.02
46,1,Aditivo,44,33.2
46,1,Aditivo,45,40.36
46,1,Aditivo,46,29.14
46,1,Aditivo,47,38.95
46,1,Aditivo,48,29.91
46,1,Aditivo,49,38.12
46,1,Aditivo,50,34.76
46,1,Aditivo,51,33.19
46,1,Aditivo,52,31.87
47,5,Aditivo,1,33.87
47,5,Aditivo,2,31.82
47,5,Aditivo,3,31.38
47,5,Aditivo,4,30.79
47,5,Aditivo,5,34.61
47,5,Aditivo,6,33.19
47,5,Aditivo,7,31.1
47,5,Aditivo,8,38.96
47,5,Aditivo,9,30.94
47,5,Aditivo,10,29.15
47,5,Aditivo,11,33.38
47,5,Aditivo,12,33.56
47,5,Aditivo,13,31.77
47,5,Aditivo,14,37.42
47,5,Aditivo,15,30.81
47,5,Aditivo,16,33.47
47,5,Aditivo,17,33.27
47,5,Aditivo,18,33.7
47,5,Aditivo,19,28.75
47,5,Aditivo,20,30.67
47,5,Aditivo,21,33.53
47,5,Aditivo,22,35.17
47,5,Aditivo,23,34.64
47,5,Aditivo,24,34.24
47,5,Aditivo,25,30.48
47,5,Aditivo,26,31.16
47,5,Aditivo,27,35.44
47,5,Aditivo,28,27.62
47,5,Aditivo,29,31.98
47,5,Aditivo,30,27.22
47,5,Aditivo,31,30.11
47,5,Aditivo,32,35.71
47,5,Aditivo,33,35.09
47,5,Aditivo,34,34.46
47,5,Aditivo,35,37.71
47,5,Aditivo,36,39.65
47,5,Aditivo,37,33.69
47,5,Aditivo,38,32.13
47,5,Aditivo,39,34.89
47,5,Aditivo,40,35.79
47,5,Aditivo,41,32.74
47,5,Aditivo,42,40.17
47,5,Aditivo,43,33.58
47,5,Aditivo,44,32.0
47,5,Aditivo,45,34.55
47,5,Aditivo,46,30.94
47,5,Aditivo,47,34.32
47,5,Aditivo,48,32.1
47,5,Aditivo,49,32.53
47,5,Aditivo,50,30.24
47,5,Aditivo,51,33.45
47,5,Aditivo,52,31.92
48,3,Aditivo,1,31.1
48,3,Aditivo,2,35.42
48,3,Aditivo,3,30.59
48,3,Aditivo,4,32.78
48,3,Aditivo,5,35.31
48,3,Aditivo,6,32.07
48,3,Aditivo,7,30.81
48,3,Aditivo,8,35.02
48,3,Aditivo,9,32.13
48,3,Aditivo,10,33.96
48,3,Aditivo,11,37.9
48,3,Aditivo,12,32.18
48,3,Aditivo,13,37.7
48,3,Aditivo,14,35.64
48,3,Aditivo,15,33.28
48,3,Aditivo,16,39.77
48,3,Aditivo,17,33.45
48,3,Aditivo,18,32.72
48,3,Aditivo,19,35.05
48,3,Aditivo,20,31.82
48,3,Aditivo,21,28.07
48,3,Aditivo,22,28.32
48,3,Aditivo,23,31.23
48,3,Aditivo,24,26.45
48,3,Aditivo,25,31.9
48,3,Aditivo,26,33.57
48,3,Aditivo,27,35.67
48,3,Aditivo,28,35.37
48,3,Aditivo,29,31.51
48,3,Aditivo,30,33.71
48,3,Aditivo,31,37.99
48,3,Aditivo,32,33.71
48,3,Aditivo,33,38.63
48,3,Aditivo,34,32.52
48,3,Aditivo,35,29.89
48,3,Aditivo,36,36.33
48,3,Aditivo,37,35.58
48,3,Aditivo,38,31.2
48,3,Aditivo,39,35.26
48,3,Aditivo,40,31.52
48,3,Aditivo,41,30.49
48,3,Aditivo,42,32.51
48,3,Aditivo,43,37.37
48,3,Aditivo,44,37.15
48,3,Aditivo,45,33.38
48,3,Aditivo,46,40.57
48,3,Aditivo,47,29.08
48,3,Aditivo,48,35.26
48,3,Aditivo,49,36.47
48,3,Aditivo,50,41.09
48,3,Aditivo,51,33.3
48,3,Aditivo,52,30.53
49,2,Control,1,24.74
49,2,Control,2,20.44
49,2,Control,3,28.79
49,2,Control,4,33.01
49,2,Control,5,33.48
49,2,Control,6,28.93
49,2,Control,7,32.79
49,2,Control,8,34.11
49,2,Control,9,28.5
49,2,Control,10,32.09
49,2,Control,11,34.29
49,2,Control,12,26.2
49,2,Control,13,28.79
49,2,Control,14,28.28
49,2,Control,15,26.55
49,2,Control,16,29.18
49,2,Control,17,37.95
49,2,Control,18,26.55
49,2,Control,19,30.16
49,2,Control,20,31.41
49,2,Control,21,34.01
49,2,Control,22,32.86
49,2,Control,23,27.07
49,2,Control,24,30.04
49,2,Control,25,34.06
49,2,Control,26,28.89
49,2,Control,27,34.84
49,2,Control,28,33.64
49,2,Control,29,32.73
49,2,Control,30,30.77
49,2,Control,31,28.9
49,2,Control,32,29.93
49,2,Control,33,29.53
49,2,Control,34,37.36
49,2,Control,35,32.38
49,2,Control,36,35.55
49,2,Control,37,29.57
49,2,Control,38,32.37
49,2,Control,39,37.98
49,2,Control,40,33.52
49,2,Control,41,32.12
49,2,Control,42,27.82
49,2,Control,43,36.1
49,2,Control,44,37.3
49,2,Control,45,32.06
49,2,Control,46,36.44
49,2,Control,47,29.91
49,2,Control,48,27.54
49,2,Control,49,38.63
49,2,Control,50,30.8
49,2,Control,51,35.56
49,2,Control,52,31.35
50,3,Aditivo,1,29.13
50,3,Aditivo,2,32.21
50,3,Aditivo,3,27.54
50,3,Aditivo,4,32.56
50,3,Aditivo,5,36.88
50,3,Aditivo,6,31.19
50,3,Aditivo,7,33.46
50,3,Aditivo,8,34.58
50,3,Aditivo,9,35.12
50,3,Aditivo,10,31.75
50,3,Aditivo,11,36.18
50,3,Aditivo,12,30.85
50,3,Aditivo,13,33.71
50,3,Aditivo,14,34.53
50,3,Aditivo,15,34.74
50,3,Aditivo,16,34.59
50,3,Aditivo,17,35.5
50,3,Aditivo,18,29.66
50,3,Aditivo,19,34.27
50,3,Aditivo,20,34.26
50,3,Aditivo,21,33.34
50,3,Aditivo,22,37.63
50,3,Aditivo,23,35.24
50,3,Aditivo,24,29.79
50,3,Aditivo,25,29.6
50,3,Aditivo,26,34.29
50,3,Aditivo,27,38.14
50,3,Aditivo,28,32.4
50,3,Aditivo,29,31.74
50,3,Aditivo,30,33.97
50,3,Aditivo,31,36.93
50,3,Aditivo,32,34.9
50,3,Aditivo,33,30.09
50,3,Aditivo,34,27.86
50,3,Aditivo,35,30.45
50,3,Aditivo,36,34.65
50,3,Aditivo,37,30.95
50,3,Aditivo,38,35.16
50,3,Aditivo,39,35.82
50,3,Aditivo,40,36.44
50,3,Aditivo,41,35.29
50,3,Aditivo,42,37.36
50,3,Aditivo,43,31.04
50,3,Aditivo,44,37.16
50,3,Aditivo,45,37.02
50,3,Aditivo,46,35.41
50,3,Aditivo,47,29.21
50,3,Aditivo,48,34.85
50,3,Aditivo,49,34.05
50,3,Aditivo,50,37.89
50,3,Aditivo,51,32.72
50,3,Aditivo,52,34.83
51,4,Control,1,32.65
51,4,Control,2,31.64
51,4,Control,3,30.52
51,4,Control,4,28.85
51,4,Control,5,28.12
51,4,Control,6,28.6
51,4,Control,7,33.85
51,4,Control,8,27.24
51,4,Control,9,25.65
51,4,Control,10,26.83
51,4,Control,11,29.85
51,4,Control,12,33.37
51,4,Control,13,34.31
51,4,Control,14,32.53
51,4,Control,15,28.74
51,4,Control,16,31.11
51,4,Control,17,31.14
51,4,Control,18,31.77
51,4,Control,19,29.13
51,4,Control,20,23.37
51,4,Control,21,33.39
51,4,Control,22,26.26
51,4,Control,23,33.71
51,4,Control,24,33.49
51,4,Control,25,32.05
51,4,Control,26,32.5
51,4,Control,27,32.03
51,4,Control,28,29.27
51,4,Control,29,29.81
51,4,Control,30,29.29
51,4,Control,31,32.68
51,4,Control,32,35.62
51,4,Control,33,29.88
51,4,Control,34,31.57
51,4,Control,35,25.7
51,4,Control,36,28.03
51,4,Control,37,26.85
51,4,Control,38,33.5
51,4,Control,39,31.77
51,4,Control,40,31.09
51,4,Control,41,31.7
51,4,Control,42,31.67
51,4,Control,43,32.62
51,4,Control,44,31.54
51,4,Control,45,31.1
51,4,Control,46,32.38
51,4,Control,47,32.03
51,4,Control,48,34.52
51,4,Control,49,30.87
51,4,Control,50,28.74
51,4,Control,51,34.74
51,4,Control,52,28.24
52,3,Aditivo,1,37.43
52,3,Aditivo,2,35.55
52,3,Aditivo,3,30.85
52,3,Aditivo,4,33.75
52,3,Aditivo,5,30.77
52,3,Aditivo,6,40.63
52,3,Aditivo,7,31.45
52,3,Aditivo,8,29.09
52,3,Aditivo,9,36.68
52,3,Aditivo,10,31.38
52,3,Aditivo,11,36.59
52,3,Aditivo,12,36.46
52,3,Aditivo,13,35.14
52,3,Aditivo,14,31.25
52,3,Aditivo,15,35.19
52,3,Aditivo,16,33.75
52,3,Aditivo,17,33.0
52,3,Aditivo,18,36.23
52,3,Aditivo,19,30.88
52,3,Aditivo,20,34.12
52,3,Aditivo,21,32.8
52,3,Aditivo,22,34.68
52,3,Aditivo,23,29.59
52,3,Aditivo,24,30.37
52,3,Aditivo,25,34.6
52,3,Aditivo,26,26.75
52,3,Aditivo,27,26.47
52,3,Aditivo,28,31.76
52,3,Aditivo,29,33.84
52,3,Aditivo,30,25.97
52,3,Aditivo,31,30.3
52,3,Aditivo,32,34.83
52,3,Aditivo,33,35.67
52,3,Aditivo,34,34.07
52,3,Aditivo,35,32.16
52,3,Aditivo,36,32.64
52,3,Aditivo,37,38.4
52,3,Aditivo,38,31.89
52,3,Aditivo,39,33.14
52,3,Aditivo,40,28.04
52,3,Aditivo,41,32.49
52,3,Aditivo,42,34.02
52,3,Aditivo,43,34.55
52,3,Aditivo,44,31.91
52,3,Aditivo,45,38.75
52,3,Aditivo,46,29.57
52,3,Aditivo,47,40.28
52,3,Aditivo,48,29.06
52,3,Aditivo,49,31.04
52,3,Aditivo,50,30.24
52,3,Aditivo,51,32.85
52,3,Aditivo,52,39.58
53,5,Control,1,25.95
53,5,Control,2,29.09
53,5,Control,3,30.71
53,5,Control,4,33.84
53,5,Control,5,26.47
53,5,Control,6,27.17
53,5,Control,7,34.89
53,5,Control,8,31.12
53,5,Control,9,30.06
53,5,Control,10,33.0
53,5,Control,11,27.56
53,5,Control,12,36.0
53,5,Control,13,25.76
53,5,Control,14,29.98
53,5,Control,15,32.55
53,5,Control,16,33.35
53,5,Control,17,34.27
53,5,Control,18,34.86
53,5,Control,19,32.43
53,5,Control,20,31.92
53,5,Control,21,33.11
53,5,Control,22,30.64
53,5,Control,23,32.14
53,5,Control,24,28.27
53,5,Control,25,32.44
53,5,Control,26,32.75
53,5,Control,27,29.1
53,5,Control,28,26.12
53,5,Control,29,29.41
53,5,Control,30,30.72
53,5,Control,31,26.01
53,5,Control,32,32.8
53,5,Control,33,32.96
53,5,Control,34,30.41
53,5,Control,35,33.16
53,5,Control,36,32.69
53,5,Control,37,29.44
53,5,Control,38,31.63
53,5,Control,39,31.65
53,5,Control,40,30.87
53,5,Control,41,33.15
53,5,Control,42,32.5
53,5,Control,43,28.6
53,5,Control,44,35.14
53,5,Control,45,36.5
53,5,Control,46,33.33
53,5,Control,47,35.04
53,5,Control,48,24.85
53,5,Control,49,26.73
53,5,Control,50,36.57
53,5,Control,51,26.6
53,5,Control,52,38.39
54,5,Aditivo,1,35.08
54,5,Aditivo,2,33.85
54,5,Aditivo,3,29.22
54,5,Aditivo,4,29.89
54,5,Aditivo,5,30.58
54,5,Aditivo,6,34.38
54,5,Aditivo,7,30.99
54,5,Aditivo,8,34.99
54,5,Aditivo,9,28.53
54,5,Aditivo,10,34.46
54,5,Aditivo,11,30.42
54,5,Aditivo,12,37.77
54,5,Aditivo,13,38.17
54,5,Aditivo,14,34.58
54,5,Aditivo,15,29.12
54,5,Aditivo,16,33.01
54,5,Aditivo,17,35.83
54,5,Aditivo,18,37.08
54,5,Aditivo,19,32.78
54,5,Aditivo,20,36.75
54,5,Aditivo,21,27.08
54,5,Aditivo,22,33.22
54,5,Aditivo,23,36.27
54,5,Aditivo,24,31.9
54,5,Aditivo,25,31.54
54,5,Aditivo,26,36.14
54,5,Aditivo,27,29.93
54,5,Aditivo,28,29.19
54,5,Aditivo,29,30.21
54,5,Aditivo,30,37.28
54,5,Aditivo,31,31.62
54,5,Aditivo,32,33.51
54,5,Aditivo,33,38.07
54,5,Aditivo,34,35.15
54,5,Aditivo,35,37.0
54,5,Aditivo,36,33.23
54,5,Aditivo,37,33.51
54,5,Aditivo,38,33.05
54,5,Aditivo,39,28.89
54,5,Aditivo,40,36.07
54,5,Aditivo,41,42.06
54,5,Aditivo,42,34.76
54,5,Aditivo,43,34.51
54,5,Aditivo,44,34.31
54,5,Aditivo,45,35.68
54,5,Aditivo,46,36.58
54,5,Aditivo,47,32.66
54,5,Aditivo,48,33.38
54,5,Aditivo,49,35.28
54,5,Aditivo,50,32.46
54,5,Aditivo,51,29.17
54,5,Aditivo,52,36.99
55,5,Aditivo,1,33.63
55,5,Aditivo,2,30.96
55,5,Aditivo,3,30.68
55,5,Aditivo,4,26.57
55,5,Aditivo,5,39.43
55,5,Aditivo,6,30.6
55,5,Aditivo,7,31.46
55,5,Aditivo,8,31.55
55,5,Aditivo,9,33.97
55,5,Aditivo,10,33.23
55,5,Aditivo,11,36.16
55,5,Aditivo,12,30.55
55,5,Aditivo,13,25.86
55,5,Aditivo,14,33.86
55,5,Aditivo,15,37.42
55,5,Aditivo,16,29.94
55,5,Aditivo,17,33.34
55,5,Aditivo,18,33.51
55,5,Aditivo,19,36.58
55,5,Aditivo,20,30.85
55,5,Aditivo,21,31.41
55,5,Aditivo,22,33.85
55,5,Aditivo,23,36.81
55,5,Aditivo,24,32.1
55,5,Aditivo,25,31.61
55,5,Aditivo,26,32.88
55,5,Aditivo,27,34.88
55,5,Aditivo,28,36.57
55,5,Aditivo,29,31.02
55,5,Aditivo,30,33.11
55,5,Aditivo,31,35.97
55,5,Aditivo,32,36.79
55,5,Aditivo,33,31.69
55,5,Aditivo,34,30.48
55,5,Aditivo,35,35.29
55,5,Aditivo,36,37.04
55,5,Aditivo,37,34.95
55,5,Aditivo,38,29.53
55,5,Aditivo,39,32.23
55,5,Aditivo,40,34.29
55,5,Aditivo,41,33.15
55,5,Aditivo,42,34.48
55,5,Aditivo,43,32.44
55,5,Aditivo,44,34.43
55,5,Aditivo,45,32.95
55,5,Aditivo,46,38.42
55,5,Aditivo,47,35.97
55,5,Aditivo,48,32.21
55,5,Aditivo,49,37.01
55,5,Aditivo,50,38.18
55,5,Aditivo,51,33.17
55,5,Aditivo,52,28.92
56,1,Control,1,29.56
56,1,Control,2,23.76
56,1,Control,3,31.41
56,1,Control,4,25.37
56,1,Control,5,32.74
56,1,Control,6,26.39
56,1,Control,7,33.53
56,1,Control,8,31.09
56,1,Control,9,32.28
56,1,Control,10,28.35
56,1,Control,11,25.12
56,1,Control,12,27.66
56,1,Control,13,31.61
56,1,Control,14,32.07
56,1,Control,15,28.17
56,1,Control,16,34.78
56,1,Control,17,30.79
56,1,Control,18,25.98
56,1,Control,19,31.76
56,1,Control,20,28.68
56,1,Control,21,33.52
56,1,Control,22,31.77
56,1,Control,23,31.6
56,1,Control,24,30.33
56,1,Control,25,34.62
56,1,Control,26,28.57
56,1,Control,27,32.36
56,1,Control,28,31.53
56,1,Control,29,28.35
56,1,Control,30,31.27
56,1,Control,31,28.71
56,1,Control,32,37.72
56,1,Control,33,34.7
56,1,Control,34,26.8
56,1,Control,35,30.4
56,1,Control,36,33.63
56,1,Control,37,35.37
56,1,Control,38,34.52
56,1,Control,39,37.66
56,1,Control,40,32.4
56,1,Control,41,35.9
56,1,Control,42,28.62
56,1,Control,43,34.76
56,1,Control,44,31.57
56,1,Control,45,31.81
56,1,Control,46,36.44
56,1,Control,47,35.26
56,1,Control,48,31.9
56,1,Control,49,40.11
56,1,Control,50,36.28
56,1,Control,51,31.22
56,1,Control,52,25.33
57,3,Aditivo,1,29.87
57,3,Aditivo,2,34.36
57,3,Aditivo,3,33.3
57,3,Aditivo,4,31.0
57,3,Aditivo,5,26.69
57,3,Aditivo,6,39.68
57,3,Aditivo,7,34.21
57,3,Aditivo,8,31.98
57,3,Aditivo,9,34.61
57,3,Aditivo,10,29.76
57,3,Aditivo,11,39.72
57,3,Aditivo,12,37.43
57,3,Aditivo,13,33.02
57,3,Aditivo,14,29.8
57,3,Aditivo,15,32.57
57,3,Aditivo,16,27.69
57,3,Aditivo,17,33.37
57,3,Aditivo,18,32.61
57,3,Aditivo,19,36.51
57,3,Aditivo,20,30.08
57,3,Aditivo,21,29.36
57,3,Aditivo,22,31.7
57,3,Aditivo,23,31.48
57,3,Aditivo,24,28.63
57,3,Aditivo,25,33.68
57,3,Aditivo,26,31.58
57,3,Aditivo,27,27.42
57,3,Aditivo,28,31.39
57,3,Aditivo,29,35.32
57,3,Aditivo,30,28.82
57,3,Aditivo,31,29.53
57,3,Aditivo,32,34.04
57,3,Aditivo,33,35.97
57,3,Aditivo,34,36.76
57,3,Aditivo,35,34.91
57,3,Aditivo,36,31.88
57,3,Aditivo,37,34.05
57,3,Aditivo,38,31.98
57,3,Aditivo,39,34.57
57,3,Aditivo,40,31.63
57,3,Aditivo,41,35.63
57,3,Aditivo,42,31.33
57,3,Aditivo,43,38.24
57,3,Aditivo,44,31.99
57,3,Aditivo,45,35.88
57,3,Aditivo,46,31.02
57,3,Aditivo,47,34.32
57,3,Aditivo,48,35.82
57,3,Aditivo,49,31.59
57,3,Aditivo,50,31.09
57,3,Aditivo,51,35.48
57,3,Aditivo,52,30.68
58,5,Control,1,35.74
58,5,Control,2,31.65
58,5,Control,3,31.31
58,5,Control,4,29.15
58,5,Control,5,27.25
58,5,Control,6,31.63
58,5,Control,7,29.02
58,5,Control,8,35.67
58,5,Control,9,36.89
58,5,Control,10,36.92
58,5,Control,11,28.64
58,5,Control,12,29.08
58,5,Control,13,27.02
58,5,Control,14,32.65
58,5,Control,15,28.19
58,5,Control,16,28.99
58,5,Control,17,28.19
58,5,Control,18,29.23
58,5,Control,19,35.91
58,5,Control,20,23.6
58,5,Control,21,32.63
58,5,Control,22,28.68
58,5,Control,23,38.18
58,5,Control,24,33.68
58,5,Control,25,28.19
58,5,Control,26,29.47
58,5,Control,27,29.64
58,5,Control,28,34.85
58,5,Control,29,36.53
58,5,Control,30,31.96
58,5,Control,31,31.12
58,5,Control,32,34.73
58,5,Control,33,31.73
58,5,Control,34,33.1
58,5,Control,35,32.41
58,5,Control,36,29.44
58,5,Control,37,35.94
58,5,Control,38,30.12
58,5,Control,39,37.76
58,5,Control,40,35.54
58,5,Control,41,32.63
58,5,Control,42,28.37
58,5,Control,43,37.18
58,5,Control,44,33.15
58,5,Control,45,34.93
58,5,Control,46,36.73
58,5,Control,47,28.99
58,5,Control,48,33.49
58,5,Control,49,31.32
58,5,Control,50,33.46
58,5,Control,51,33.92
58,5,Control,52,27.61
59,1,Control,1,32.62
59,1,Control,2,32.91
59,1,Control,3,35.24
59,1,Control,4,28.27
59,1,Control,5,29.41
59,1,Control,6,27.46
59,1,Control,7,28.82
59,1,Control,8,35.2
59,1,Control,9,32.26
59,1,Control,10,29.44
59,1,Control,11,30.19
59,1,Control,12,34.51
59,1,Control,13,26.23
59,1,Control,14,29.36
59,1,Control,15,35.2
59,1,Control,16,36.11
59,1,Control,17,34.29
59,1,Control,18,26.56
59,1,Control,19,31.07
59,1,Control,20,37.36
59,1,Control,21,31.79
59,1,Control,22,32.08
59,1,Control,23,30.95
59,1,Control,24,28.99
59,1,Control,25,31.92
59,1,Control,26,26.95
59,1,Control,27,32.19
59,1,Control,28,30.78
59,1,Control,29,36.64
59,1,Control,30,27.13
59,1,Control,31,33.46
59,1,Control,32,27.15
59,1,Control,33,33.16
59,1,Control,34,30.16
59,1,Control,35,36.88
59,1,Control,36,35.13
59,1,Control,37,29.63
59,1,Control,38,30.33
59,1,Control,39,34.17
59,1,Control,40,31.27
59,1,Control,41,30.02
59,1,Control,42,34.18
59,1,Control,43,31.28
59,1,Control,44,34.19
59,1,Control,45,29.32
59,1,Control,46,40.28
59,1,Control,47,35.23
59,1,Control,48,32.68
59,1,Control,49,34.2
59,1,Control,50,26.83
59,1,Control,51,39.31
59,1,Control,52,31.74
60,3,Control,1,28.32
60,3,Control,2,25.22
60,3,Control,3,26.26
60,3,Control,4,27.08
60,3,Control,5,28.94
60,3,Control,6,29.45
60,3,Control,7,30.09
60,3,Control,8,32.15
60,3,Control,9,31.72
60,3,Control,10,29.36
60,3,Control,11,31.14
60,3,Control,12,34.13
60,3,Control,13,32.12
60,3,Control,14,30.33
60,3,Control,15,34.91
60,3,Control,16,30.42
60,3,Control,17,32.66
60,3,Control,18,22.75
60,3,Control,19,27.0
60,3,Control,20,31.03
60,3,Control,21,24.6
60,3,Control,22,24.39
60,3,Control,23,32.0
60,3,Control,24,33.14
60,3,Control,25,35.81
60,3,Control,26,34.47
60,3,Control,27,27.34
60,3,Control,28,32.83
60,3,Control,29,29.18
60,3,Control,30,33.89
60,3,Control,31,29.42
60,3,Control,32,33.27
60,3,Control,33,29.67
60,3,Control,34,36.1
60,3,Control,35,30.26
60,3,Control,36,31.71
60,3,Control,37,27.07
60,3,Control,38,29.27
60,3,Control,39,31.64
60,3,Control,40,29.12
60,3,Control,41,31.72
60,3,Control,42,31.69
60,3,Control,43,31.84
60,3,Control,44,34.5
60,3,Control,45,31.18
60,3,Control,46,29.46
60,3,Control,47,35.51
60,3,Control,48,33.73
60,3,Control,49,32.64
60,3,Control,50,37.64
60,3,Control,51,32.57
60,3,Control,52,34.33
61,4,Aditivo,1,32.56
61,4,Aditivo,2,31.61
61,4,Aditivo,3,32.11
61,4,Aditivo,4,32.27
61,4,Aditivo,5,30.9
61,4,Aditivo,6,31.06
61,4,Aditivo,7,32.16
61,4,Aditivo,8,31.43
61,4,Aditivo,9,31.87
61,4,Aditivo,10,32.0
61,4,Aditivo,11,35.27
61,4,Aditivo,12,34.98
61,4,Aditivo,13,35.72
61,4,Aditivo,14,36.44
61,4,Aditivo,15,30.59
61,4,Aditivo,16,32.89
61,4,Aditivo,17,33.75
61,4,Aditivo,18,34.23
61,4,Aditivo,19,34.49
61,4,Aditivo,20,37.26
61,4,Aditivo,21,31.4
61,4,Aditivo,22,33.79
61,4,Aditivo,23,29.5
61,4,Aditivo,24,34.45
61,4,Aditivo,25,28.47
61,4,Aditivo,26,34.38
61,4,Aditivo,27,37.07
61,4,Aditivo,28,35.27
61,4,Aditivo,29,30.26
61,4,Aditivo,30,31.18
61,4,Aditivo,31,35.4
61,4,Aditivo,32,33.26
61,4,Aditivo,33,27.12
61,4,Aditivo,34,37.95
61,4,Aditivo,35,34.31
61,4,Aditivo,36,29.51
61,4,Aditivo,37,34.55
61,4,Aditivo,38,40.54
61,4,Aditivo,39,33.51
61,4,Aditivo,40,33.52
61,4,Aditivo,41,32.12
61,4,Aditivo,42,36.04
61,4,Aditivo,43,34.9
61,4,Aditivo,44,36.64
61,4,Aditivo,45,32.07
61,4,Aditivo,46,36.49
61,4,Aditivo,47,30.82
61,4,Aditivo,48,35.89
61,4,Aditivo,49,32.07
61,4,Aditivo,50,34.62
61,4,Aditivo,51,29.87
61,4,Aditivo,52,34.89
62,2,Aditivo,1,32.96
62,2,Aditivo,2,32.08
62,2,Aditivo,3,37.86
62,2,Aditivo,4,31.73
62,2,Aditivo,5,30.65
62,2,Aditivo,6,34.29
62,2,Aditivo,7,32.91
62,2,Aditivo,8,38.46
62,2,Aditivo,9,32.15
62,2,Aditivo,10,36.49
62,2,Aditivo,11,30.75
62,2,Aditivo,12,34.44
62,2,Aditivo,13,29.85
62,2,Aditivo,14,32.13
62,2,Aditivo,15,31.09
62,2,Aditivo,16,31.54
62,2,Aditivo,17,33.4
62,2,Aditivo,18,36.99
62,2,Aditivo,19,35.62
62,2,Aditivo,20,35.59
62,2,Aditivo,21,35.28
62,2,Aditivo,22,28.53
62,2,Aditivo,23,31.97
62,2,Aditivo,24,41.51
62,2,Aditivo,25,32.69
62,2,Aditivo,26,31.56
62,2,Aditivo,27,30.44
62,2,Aditivo,28,34.96
62,2,Aditivo,29,33.0
62,2,Aditivo,30,31.88
62,2,Aditivo,31,35.1
62,2,Aditivo,32,35.9
62,2,Aditivo,33,36.01
62,2,Aditivo,34,32.59
62,2,Aditivo,35,33.48
62,2,Aditivo,36,33.06
62,2,Aditivo,37,35.11
62,2,Aditivo,38,32.27
62,2,Aditivo,39,34.91
62,2,Aditivo,40,36.61
62,2,Aditivo,41,31.86
62,2,Aditivo,42,37.33
62,2,Aditivo,43,25.92
62,2,Aditivo,44,32.42
62,2,Aditivo,45,35.72
62,2,Aditivo,46,33.11
62,2,Aditivo,47,32.77
62,2,Aditivo,48,34.53
62,2,Aditivo,49,32.61
62,2,Aditivo,50,33.37
62,2,Aditivo,51,35.5
62,2,Aditivo,52,31.35
63,2,Control,1,33.11
63,2,Control,2,27.19
63,2,Control,3,28.14
63,2,Control,4,35.41
63,2,Control,5,23.24
63,2,Control,6,32.78
63,2,Control,7,26.74
63,2,Control,8,32.52
63,2,Control,9,28.48
63,2,Control,10,31.34
63,2,Control,11,28.45
63,2,Control,12,32.47
63,2,Control,13,29.89
63,2,Control,14,29.15
63,2,Control,15,31.44
63,2,Control,16,31.3
63,2,Control,17,33.57
63,2,Control,18,29.46
63,2,Control,19,28.75
63,2,Control,20,30.06
63,2,Control,21,29.83
63,2,Control,22,34.14
63,2,Control,23,35.28
63,2,Control,24,27.72
63,2,Control,25,27.55
63,2,Control,26,28.17
63,2,Control,27,36.81
63,2,Control,28,26.37
63,2,Control,29,33.0
63,2,Control,30,30.28
63,2,Control,31,31.44
63,2,Control,32,31.91
63,2,Control,33,32.87
63,2,Control,34,31.9
63,2,Control,35,33.26
63,2,Control,36,34.63
63,2,Control,37,33.11
63,2,Control,38,27.05
63,2,Control,39,29.22
63,2,Control,40,29.73
63,2,Control,41,31.9
63,2,Control,42,34.84
63,2,Control,43,31.42
63,2,Control,44,31.87
63,2,Control,45,35.1
63,2,Control,46,33.22
63,2,Control,47,29.78
63,2,Control,48,38.08
63,2,Control,49,31.71
63,2,Control,50,38.32
63,2,Control,51,31.8
63,2,Control,52,29.88
64,4,Aditivo,1,30.67
64,4,Aditivo,2,32.97
64,4,Aditivo,3,31.88
64,4,Aditivo,4,32.1
64,4,Aditivo,5,33.24
64,4,Aditivo,6,35.62
64,4,Aditivo,7,31.65
64,4,Aditivo,8,32.37
64,4,Aditivo,9,32.71
64,4,Aditivo,10,31.1
64,4,Aditivo,11,30.23
64,4,Aditivo,12,35.17
64,4,Aditivo,13,29.2
64,4,Aditivo,14,34.52
64,4,Aditivo,15,32.15
64,4,Aditivo,16,31.81
64,4,Aditivo,17,33.86
64,4,Aditivo,18,34.36
64,4,Aditivo,19,29.87
64,4,Aditivo,20,32.93
64,4,Aditivo,21,31.75
64,4,Aditivo,22,30.91
64,4,Aditivo,23,26.91
64,4,Aditivo,24,35.78
64,4,Aditivo,25,35.95
64,4,Aditivo,26,29.83
64,4,Aditivo,27,33.05
64,4,Aditivo,28,29.75
64,4,Aditivo,29,32.4
64,4,Aditivo,30,31.61
64,4,Aditivo,31,37.62
64,4,Aditivo,32,29.51
64,4,Aditivo,33,28.3
64,4,Aditivo,34,32.66
64,4,Aditivo,35,32.89
64,4,Aditivo,36,39.7
64,4,Aditivo,37,31.58
64,4,Aditivo,38,38.33
64,4,Aditivo,39,35.47
64,4,Aditivo,40,38.97
64,4,Aditivo,41,34.89
64,4,Aditivo,42,29.27
64,4,Aditivo,43,31.38
64,4,Aditivo,44,35.85
64,4,Aditivo,45,31.6
64,4,Aditivo,46,41.48
64,4,Aditivo,47,28.87
64,4,Aditivo,48,32.52
64,4,Aditivo,49,35.87
64,4,Aditivo,50,34.57
64,4,Aditivo,51,33.14
64,4,Aditivo,52,38.95
65,3,Control,1,31.04
65,3,Control,2,30.15
65,3,Control,3,31.23
65,3,Control,4,29.16
65,3,Control,5,26.31
65,3,Control,6,28.19
65,3,Control,7,36.35
65,3,Control,8,31.68
65,3,Control,9,32.91
65,3,Control,10,29.24
65,3,Control,11,25.82
65,3,Control,12,30.62
65,3,Control,13,29.62
65,3,Control,14,36.72
65,3,Control,15,28.81
65,3,Control,16,31.26
65,3,Control,17,31.45
65,3,Control,18,32.79
65,3,Control,19,30.2
65,3,Control,20,29.76
65,3,Control,21,26.96
65,3,Control,22,25.57
65,3,Control,23,37.19
65,3,Control,24,35.27
65,3,Control,25,29.53
65,3,Control,26,30.51
65,3,Control,27,30.23
65,3,Control,28,37.12
65,3,Control,29,33.47
65,3,Control,30,36.94
65,3,Control,31,30.02
65,3,Control,32,35.83
65,3,Control,33,26.31
65,3,Control,34,26.45
65,3,Control,35,29.98
65,3,Control,36,29.88
65,3,Control,37,32.26
65,3,Control,38,30.72
65,3,Control,39,32.53
65,3,Control,40,27.78
65,3,Control,41,30.19
65,3,Control,42,35.34
65,3,Control,43,29.48
65,3,Control,44,34.98
65,3,Control,45,33.68
65,3,Control,46,33.89
65,3,Control,47,27.45
65,3,Control,48,31.4
65,3,Control,49,31.72
65,3,Control,50,29.14
65,3,Control,51,29.41
65,3,Control,52,29.94
66,1,Aditivo,1,35.18
66,1,Aditivo,2,34.92
66,1,Aditivo,3,34.64
66,1,Aditivo,4,25.38
66,1,Aditivo,5,35.98
66,1,Aditivo,6,33.21
66,1,Aditivo,7,34.95
66,1,Aditivo,8,31.89
66,1,Aditivo,9,33.0
66,1,Aditivo,10,36.5
66,1,Aditivo,11,35.59
66,1,Aditivo,12,29.82
66,1,Aditivo,13,30.27
66,1,Aditivo,14,34.05
66,1,Aditivo,15,33.34
66,1,Aditivo,16,30.13
66,1,Aditivo,17,32.68
66,1,Aditivo,18,30.86
66,1,Aditivo,19,34.7
66,1,Aditivo,20,39.82
66,1,Aditivo,21,30.33
66,1,Aditivo,22,34.43
66,1,Aditivo,23,34.41
66,1,Aditivo,24,32.6
66,1,Aditivo,25,32.12
66,1,Aditivo,26,32.26
66,1,Aditivo,27,28.96
66,1,Aditivo,28,27.47
66,1,Aditivo,29,30.86
66,1,Aditivo,30,31.69
66,1,Aditivo,31,35.79
66,1,Aditivo,32,30.3
66,1,Aditivo,33,32.08
66,1,Aditivo,34,36.92
66,1,Aditivo,35,36.14
66,1,Aditivo,36,35.23
66,1,Aditivo,37,37.16
66,1,Aditivo,38,41.86
66,1,Aditivo,39,33.65
66,1,Aditivo,40,35.83
66,1,Aditivo,41,33.66
66,1,Aditivo,42,33.55
66,1,Aditivo,43,31.46
66,1,Aditivo,44,39.28
66,1,Aditivo,45,34.83
66,1,Aditivo,46,38.9
66,1,Aditivo,47,35.5
66,1,Aditivo,48,31.8
66,1,Aditivo,49,34.5
66,1,Aditivo,50,36.44
66,1,Aditivo,51,35.2
66,1,Aditivo,52,29.15
67,5,Aditivo,1,27.6
67,5,Aditivo,2,32.43
67,5,Aditivo,3,30.12
67,5,Aditivo,4,31.8
67,5,Aditivo,5,33.36
67,5,Aditivo,6,36.54
67,5,Aditivo,7,28.67
67,5,Aditivo,8,37.24
67,5,Aditivo,9,31.68
67,5,Aditivo,10,30.18
67,5,Aditivo,11,36.0
67,5,Aditivo,12,38.86
67,5,Aditivo,13,30.42
67,5,Aditivo,14,36.45
67,5,Aditivo,15,33.21
67,5,Aditivo,16,33.95
67,5,Aditivo,17,30.7
67,5,Aditivo,18,33.1
67,5,Aditivo,19,36.79
67,5,Aditivo,20,33.85
67,5,Aditivo,21,36.23
67,5,Aditivo,22,31.48
67,5,Aditivo,23,34.25
67,5,Aditivo,24,34.75
67,5,Aditivo,25,30.98
67,5,Aditivo,26,32.75
67,5,Aditivo,27,27.48
67,5,Aditivo,28,37.73
67,5,Aditivo,29,30.52
67,5,Aditivo,30,32.43
67,5,Aditivo,31,31.55
67,5,Aditivo,32,39.4
67,5,Aditivo,33,35.24
67,5,Aditivo,34,33.2
67,5,Aditivo,35,30.29
67,5,Aditivo,36,32.63
67,5,Aditivo,37,37.04
67,5,Aditivo,38,32.73
67,5,Aditivo,39,33.94
67,5,Aditivo,40,31.58
67,5,Aditivo,41,29.53
67,5,Aditivo,42,32.16
67,5,Aditivo,43,36.5
67,5,Aditivo,44,38.02
67,5,Aditivo,45,33.72
67,5,Aditivo,46,33.24
67,5,Aditivo,47,35.54
67,5,Aditivo,48,33.73
67,5,Aditivo,49,34.67
67,5,Aditivo,50,29.82
67,5,Aditivo,51,27.53
67,5,Aditivo,52,34.89
68,2,Aditivo,1,29.34
68,2,Aditivo,2,30.64
68,2,Aditivo,3,29.69
68,2,Aditivo,4,28.79
68,2,Aditivo,5,35.44
68,2,Aditivo,6,29.81
68,2,Aditivo,7,31.25
68,2,Aditivo,8,34.13
68,2,Aditivo,9,33.77
68,2,Aditivo,10,30.32
68,2,Aditivo,11,29.88
68,2,Aditivo,12,32.4
68,2,Aditivo,13,30.57
68,2,Aditivo,14,32.31
68,2,Aditivo,15,30.17
68,2,Aditivo,16,34.05
68,2,Aditivo,17,28.61
68,2,Aditivo,18,32.26
68,2,Aditivo,19,33.82
68,2,Aditivo,20,33.88
68,2,Aditivo,21,40.3
68,2,Aditivo,22,32.41
68,2,Aditivo,23,33.58
68,2,Aditivo,24,32.92
68,2,Aditivo,25,38.97
68,2,Aditivo,26,36.32
68,2,Aditivo,27,39.14
68,2,Aditivo,28,31.67
68,2,Aditivo,29,33.95
68,2,Aditivo,30,33.65
68,2,Aditivo,31,30.1
68,2,Aditivo,32,34.63
68,2,Aditivo,33,30.68
68,2,Aditivo,34,36.86
68,2,Aditivo,35,33.12
68,2,Aditivo,36,29.24
68,2,Aditivo,37,32.17
68,2,Aditivo,38,34.04
68,2,Aditivo,39,39.19
68,2,Aditivo,40,36.6
68,2,Aditivo,41,34.33
68,2,Aditivo,42,36.73
68,2,Aditivo,43,34.67
68,2,Aditivo,44,31.53
68,2,Aditivo,45,35.49
68,2,Aditivo,46,36.88
68,2,Aditivo,47,43.5
68,2,Aditivo,48,35.29
68,2,Aditivo,49,33.0
68,2,Aditivo,50,37.29
68,2,Aditivo,51,36.62
68,2,Aditivo,52,39.34
69,2,Aditivo,1,31.87
69,2,Aditivo,2,35.97
69,2,Aditivo,3,37.28
69,2,Aditivo,4,29.71
69,2,Aditivo,5,31.6
69,2,Aditivo,6,34.27
69,2,Aditivo,7,31.12
69,2,Aditivo,8,31.63
69,2,Aditivo,9,35.18
69,2,Aditivo,10,35.54
69,2,Aditivo,11,35.98
69,2,Aditivo,12,34.11
69,2,Aditivo,13,29.62
69,2,Aditivo,14,32.29
69,2,Aditivo,15,29.79
69,2,Aditivo,16,31.28
69,2,Aditivo,17,34.58
69,2,Aditivo,18,33.4
69,2,Aditivo,19,39.58
69,2,Aditivo,20,33.79
69,2,Aditivo,21,34.28
69,2,Aditivo,22,33.02
69,2,Aditivo,23,35.46
69,2,Aditivo,24,38.2
69,2,Aditivo,25,33.76
69,2,Aditivo,26,37.87
69,2,Aditivo,27,33.06
69,2,Aditivo,28,36.63
69,2,Aditivo,29,33.21
69,2,Aditivo,30,33.19
69,2,Aditivo,31,27.48
69,2,Aditivo,32,28.2
69,2,Aditivo,33,33.29
69,2,Aditivo,34,35.96
69,2,Aditivo,35,33.62
69,2,Aditivo,36,31.27
69,2,Aditivo,37,30.97
69,2,Aditivo,38,36.16
69,2,Aditivo,39,30.88
69,2,Aditivo,40,36.51
69,2,Aditivo,41,36.14
69,2,Aditivo,42,38.59
69,2,Aditivo,43,41.53
69,2,Aditivo,44,33.45
69,2,Aditivo,45,33.91
69,2,Aditivo,46,38.64
69,2,Aditivo,47,34.21
69,2,Aditivo,48,29.71
69,2,Aditivo,49,32.15
69,2,Aditivo,50,35.66
69,2,Aditivo,51,30.91
69,2,Aditivo,52,40.66
70,1,Control,1,31.62
70,1,Control,2,35.24
70,1,Control,3,29.51
70,1,Control,4,27.87
70,1,Control,5,29.93
70,1,Control,6,29.1
70,1,Control,7,30.96
70,1,Control,8,32.39
70,1,Control,9,27.43
70,1,Control,10,33.61
70,1,Control,11,31.14
70,1,Control,12,30.83
70,1,Control,13,32.6
70,1,Control,14,32.0
70,1,Control,15,30.71
70,1,Control,16,27.27
70,1,Control,17,32.0
70,1,Control,18,26.94
70,1,Control,19,29.24
70,1,Control,20,31.5
70,1,Control,21,27.07
70,1,Control,22,34.57
70,1,Control,23,29.36
70,1,Control,24,30.65
70,1,Control,25,30.33
70,1,Control,26,28.55
70,1,Control,27,33.62
70,1,Control,28,34.02
70,1,Control,29,29.62
70,1,Control,30,28.89
70,1,Control,31,31.89
70,1,Control,32,30.91
70,1,Control,33,31.3
70,1,Control,34,33.92
70,1,Control,35,29.12
70,1,Control,36,29.5
70,1,Control,37,33.74
70,1,Control,38,35.41
70,1,Control,39,31.99
70,1,Control,40,28.48
70,1,Control,41,36.04
70,1,Control,42,30.75
70,1,Control,43,28.79
70,1,Control,44,33.56
70,1,Control,45,30.43
70,1,Control,46,34.69
70,1,Control,47,27.56
70,1,Control,48,28.96
70,1,Control,49,27.07
70,1,Control,50,27.77
70,1,Control,51,33.5
70,1,Control,52,33.65
71,3,Control,1,25.93
71,3,Control,2,32.16
71,3,Control,3,29.39
71,3,Control,4,29.59
71,3,Control,5,24.43
71,3,Control,6,33.98
71,3,Control,7,30.66
71,3,Control,8,29.75
71,3,Control,9,28.37
71,3,Control,10,30.32
71,3,Control,11,32.47
71,3,Control,12,30.35
71,3,Control,13,32.06
71,3,Control,14,27.42
71,3,Control,15,25.25
71,3,Control,16,28.46
71,3,Control,17,29.77
71,3,Control,18,27.78
71,3,Control,19,30.73
71,3,Control,20,30.19
71,3,Control,21,25.39
71,3,Control,22,33.32
71,3,Control,23,30.47
71,3,Control,24,27.74
71,3,Control,25,26.69
71,3,Control,26,38.14
71,3,Control,27,29.87
71,3,Control,28,25.01
71,3,Control,29,27.08
71,3,Control,30,31.74
71,3,Control,31,29.33
71,3,Control,32,30.86
71,3,Control,33,31.52
71,3,Control,34,31.6
71,3,Control,35,31.63
71,3,Control,36,31.27
71,3,Control,37,36.69
71,3,Control,38,30.82
71,3,Control,39,35.27
71,3,Control,40,32.62
71,3,Control,41,34.91
71,3,Control,42,33.78
71,3,Control,43,35.56
71,3,Control,44,39.82
71,3,Control,45,32.0
71,3,Control,46,33.63
71,3,Control,47,38.04
71,3,Control,48,33.11
71,3,Control,49,24.52
71,3,Control,50,31.15
71,3,Control,51,31.47
71,3,Control,52,33.0
72,5,Aditivo,1,30.12
72,5,Aditivo,2,39.05
72,5,Aditivo,3,38.7
72,5,Aditivo,4,27.31
72,5,Aditivo,5,29.48
72,5,Aditivo,6,35.47
72,5,Aditivo,7,29.91
72,5,Aditivo,8,31.17
72,5,Aditivo,9,30.09
72,5,Aditivo,10,36.73
72,5,Aditivo,11,32.33
72,5,Aditivo,12,36.37
72,5,Aditivo,13,30.91
72,5,Aditivo,14,35.09
72,5,Aditivo,15,31.96
72,5,Aditivo,16,33.38
72,5,Aditivo,17,31.56
72,5,Aditivo,18,32.12
72,5,Aditivo,19,32.68
72,5,Aditivo,20,33.75
72,5,Aditivo,21,35.4
72,5,Aditivo,22,30.24
72,5,Aditivo,23,29.19
72,5,Aditivo,24,36.98
72,5,Aditivo,25,39.37
72,5,Aditivo,26,36.19
72,5,Aditivo,27,37.28
72,5,Aditivo,28,32.28
72,5,Aditivo,29,35.3
72,5,Aditivo,30,34.8
72,5,Aditivo,31,34.07
72,5,Aditivo,32,31.05
72,5,Aditivo,33,28.79
72,5,Aditivo,34,37.43
72,5,Aditivo,35,36.09
72,5,Aditivo,36,31.82
72,5,Aditivo,37,34.91
72,5,Aditivo,38,32.53
72,5,Aditivo,39,36.74
72,5,Aditivo,40,35.59
72,5,Aditivo,41,38.7
72,5,Aditivo,42,34.49
72,5,Aditivo,43,33.91
72,5,Aditivo,44,34.33
72,5,Aditivo,45,42.65
72,5,Aditivo,46,36.37
72,5,Aditivo,47,34.69
72,5,Aditivo,48,37.12
72,5,Aditivo,49,33.75
72,5,Aditivo,50,35.57
72,5,Aditivo,51,37.6
72,5,Aditivo,52,26.85
73,4,Control,1,30.17
73,4,Control,2,31.2
73,4,Control,3,27.63
73,4,Control,4,31.52
73,4,Control,5,29.57
73,4,Control,6,26.94
73,4,Control,7,32.54
73,4,Control,8,30.03
73,4,Control,9,33.16
73,4,Control,10,26.06
73,4,Control,11,29.26
73,4,Control,12,32.03
73,4,Control,13,26.46
73,4,Control,14,31.5
73,4,Control,15,26.56
73,4,Control,16,30.3
73,4,Control,17,34.59
73,4,Control,18,31.92
73,4,Control,19,32.41
73,4,Control,20,28.79
73,4,Control,21,30.89
73,4,Control,22,33.41
73,4,Control,23,32.14
73,4,Control,24,28.31
73,4,Control,25,31.6
73,4,Control,26,30.77
73,4,Control,27,28.76
73,4,Control,28,29.3
73,4,Control,29,31.43
73,4,Control,30,33.16
73,4,Control,31,32.74
73,4,Control,32,32.39
73,4,Control,33,36.13
73,4,Control,34,31.75
73,4,Control,35,31.56
73,4,Control,36,35.78
73,4,Control,37,30.26
73,4,Control,38,32.6
73,4,Control,39,34.7
73,4,Control,40,31.89
73,4,Control,41,31.06
73,4,Control,42,36.32
73,4,Control,43,28.14
73,4,Control,44,30.14
73,4,Control,45,35.1
73,4,Control,46,31.9
73,4,Control,47,36.32
73,4,Control,48,30.42
73,4,Control,49,29.26
73,4,Control,50,32.56
73,4,Control,51,32.07
73,4,Control,52,34.3
74,3,Control,1,27.5
74,3,Control,2,29.18
74,3,Control,3,33.61
74,3,Control,4,29.74
74,3,Control,5,29.04
74,3,Control,6,31.89
74,3,Control,7,31.81
74,3,Control,8,28.07
74,3,Control,9,30.06
74,3,Control,10,33.68
74,3,Control,11,30.13
74,3,Control,12,33.79
74,3,Control,13,29.08
74,3,Control,14,35.49
74,3,Control,15,37.57
74,3,Control,16,33.22
74,3,Control,17,31.36
74,3,Control,18,34.12
74,3,Control,19,31.06
74,3,Control,20,28.89
74,3,Control,21,30.2
74,3,Control,22,33.39
74,3,Control,23,34.81
74,3,Control,24,25.81
74,3,Control,25,32.67
74,3,Control,26,30.51
74,3,Control,27,32.27
74,3,Control,28,30.02
74,3,Control,29,31.4
74,3,Control,30,27.22
74,3,Control,31,35.21
74,3,Control,32,29.67
74,3,Control,33,25.02
74,3,Control,34,28.67
74,3,Control,35,31.17
74,3,Control,36,30.97
74,3,Control,37,29.6
74,3,Control,38,27.39
74,3,Control,39,33.0
74,3,Control,40,34.24
74,3,Control,41,34.24
74,3,Control,42,30.73
74,3,Control,43,33.58
74,3,Control,44,32.8
74,3,Control,45,33.82
74,3,Control,46,30.39
74,3,Control,47,27.73
74,3,Control,48,27.98
74,3,Control,49,32.18
74,3,Control,50,35.23
74,3,Control,51,32.18
74,3,Control,52,34.17
75,1,Control,1,31.64
75,1,Control,2,28.07
75,1,Control,3,33.2
75,1,Control,4,35.68
75,1,Control,5,26.53
75,1,Control,6,29.83
75,1,Control,7,31.74
75,1,Control,8,29.09
75,1,Control,9,30.95
75,1,Control,10,30.16
75,1,Control,11,31.88
75,1,Control,12,27.85
75,1,Control,13,35.95
75,1,Control,14,26.9
75,1,Control,15,30.37
75,1,Control,16,29.58
75,1,Control,17,30.27
75,1,Control,18,30.43
75,1,Control,19,30.88
75,1,Control,20,36.7
75,1,Control,21,29.28
75,1,Control,22,30.32
75,1,Control,23,29.51
75,1,Control,24,28.86
75,1,Control,25,33.45
75,1,Control,26,31.23
75,1,Control,27,27.68
75,1,Control,28,27.29
75,1,Control,29,31.07
75,1,Control,30,37.01
75,1,Control,31,29.25
75,1,Control,32,30.14
75,1,Control,33,31.13
75,1,Control,34,35.86
75,1,Control,35,34.27
75,1,Control,36,33.47
75,1,Control,37,28.59
75,1,Control,38,30.48
75,1,Control,39,32.73
75,1,Control,40,28.44
75,1,Control,41,27.52
75,1,Control,42,31.21
75,1,Control,43,27.19
75,1,Control,44,32.55
75,1,Control,45,35.72
75,1,Control,46,33.57
75,1,Control,47,37.11
75,1,Control,48,30.85
75,1,Control,49,28.91
75,1,Control,50,33.49
75,1,Control,51,33.24
75,1,Control,52,28.21
76,3,Aditivo,1,38.28
76,3,Aditivo,2,29.34
76,3,Aditivo,3,34.35
76,3,Aditivo,4,34.11
76,3,Aditivo,5,35.82
76,3,Aditivo,6,34.17
76,3,Aditivo,7,34.48
76,3,Aditivo,8,32.93
76,3,Aditivo,9,35.41
76,3,Aditivo,10,31.11
76,3,Aditivo,11,35.35
76,3,Aditivo,12,38.26
76,3,Aditivo,13,30.58
76,3,Aditivo,14,34.85
76,3,Aditivo,15,34.08
76,3,Aditivo,16,30.01
76,3,Aditivo,17,33.19
76,3,Aditivo,18,35.62
76,3,Aditivo,19,35.27
76,3,Aditivo,20,30.42
76,3,Aditivo,21,33.9
76,3,Aditivo,22,34.54
76,3,Aditivo,23,35.92
76,3,Aditivo,24,33.37
76,3,Aditivo,25,31.58
76,3,Aditivo,26,36.67
76,3,Aditivo,27,30.14
76,3,Aditivo,28,31.5
76,3,Aditivo,29,35.77
76,3,Aditivo,30,34.5
76,3,Aditivo,31,34.01
76,3,Aditivo,32,31.2
76,3,Aditivo,33,36.4
76,3,Aditivo,34,35.44
76,3,Aditivo,35,39.61
76,3,Aditivo,36,35.9
76,3,Aditivo,37,29.7
76,3,Aditivo,38,34.22
76,3,Aditivo,39,33.68
76,3,Aditivo,40,33.53
76,3,Aditivo,41,33.45
76,3,Aditivo,42,34.59
76,3,Aditivo,43,31.93
76,3,Aditivo,44,29.43
76,3,Aditivo,45,35.48
76,3,Aditivo,46,37.58
76,3,Aditivo,47,35.73
76,3,Aditivo,48,35.29
76,3,Aditivo,49,32.14
76,3,Aditivo,50,37.09
76,3,Aditivo,51,28.65
76,3,Aditivo,52,40.71
77,5,Aditivo,1,25.63
77,5,Aditivo,2,28.98
77,5,Aditivo,3,34.35
77,5,Aditivo,4,39.49
77,5,Aditivo,5,29.03
77,5,Aditivo,6,30.65
77,5,Aditivo,7,32.57
77,5,Aditivo,8,27.22
77,5,Aditivo,9,34.67
77,5,Aditivo,10,33.45
77,5,Aditivo,11,30.35
77,5,Aditivo,12,37.7
77,5,Aditivo,13,37.73
77,5,Aditivo,14,35.7
77,5,Aditivo,15,27.58
77,5,Aditivo,16,32.87
77,5,Aditivo,17,34.84
77,5,Aditivo,18,31.53
77,5,Aditivo,19,31.94
77,5,Aditivo,20,37.02
77,5,Aditivo,21,36.1
77,5,Aditivo,22,34.79
77,5,Aditivo,23,34.55
77,5,Aditivo,24,32.64
77,5,Aditivo,25,31.63
77,5,Aditivo,26,29.13
77,5,Aditivo,27,33.11
77,5,Aditivo,28,38.54
77,5,Aditivo,29,37.43
77,5,Aditivo,30,35.38
77,5,Aditivo,31,33.14
77,5,Aditivo,32,36.26
77,5,Aditivo,33,32.3
77,5,Aditivo,34,31.94
77,5,Aditivo,35,34.78
77,5,Aditivo,36,33.52
77,5,Aditivo,37,28.27
77,5,Aditivo,38,35.19
77,5,Aditivo,39,37.49
77,5,Aditivo,40,32.06
77,5,Aditivo,41,37.0
77,5,Aditivo,42,35.7
77,5,Aditivo,43,32.18
77,5,Aditivo,44,32.44
77,5,Aditivo,45,33.55
77,5,Aditivo,46,38.92
77,5,Aditivo,47,34.86
77,5,Aditivo,48,34.61
77,5,Aditivo,49,35.38
77,5,Aditivo,50,41.54
77,5,Aditivo,51,37.01
77,5,Aditivo,52,31.45
78,3,Aditivo,1,35.3
78,3,Aditivo,2,36.57
78,3,Aditivo,3,37.41
78,3,Aditivo,4,28.74
78,3,Aditivo,5,32.79
78,3,Aditivo,6,29.34
78,3,Aditivo,7,31.89
78,3,Aditivo,8,40.48
78,3,Aditivo,9,30.92
78,3,Aditivo,10,36.05
78,3,Aditivo,11,30.46
78,3,Aditivo,12,31.65
78,3,Aditivo,13,29.47
78,3,Aditivo,14,28.42
78,3,Aditivo,15,33.42
78,3,Aditivo,16,31.64
78,3,Aditivo,17,32.13
78,3,Aditivo,18,31.82
78,3,Aditivo,19,34.3
78,3,Aditivo,20,29.78
78,3,Aditivo,21,37.55
78,3,Aditivo,22,33.68
78,3,Aditivo,23,33.42
78,3,Aditivo,24,38.74
78,3,Aditivo,25,35.03
78,3,Aditivo,26,37.45
78,3,Aditivo,27,35.53
78,3,Aditivo,28,38.18
78,3,Aditivo,29,30.37
78,3,Aditivo,30,37.17
78,3,Aditivo,31,35.32
78,3,Aditivo,32,33.54
78,3,Aditivo,33,29.32
78,3,Aditivo,34,34.8
78,3,Aditivo,35,28.9
78,3,Aditivo,36,34.64
78,3,Aditivo,37,35.85
78,3,Aditivo,38,36.25
78,3,Aditivo,39,30.1
78,3,Aditivo,40,30.36
78,3,Aditivo,41,30.96
78,3,Aditivo,42,34.27
78,3,Aditivo,43,38.66
78,3,Aditivo,44,34.8
78,3,Aditivo,45,36.33
78,3,Aditivo,46,35.98
78,3,Aditivo,47,30.97
78,3,Aditivo,48,37.38
78,3,Aditivo,49,35.6
78,3,Aditivo,50,37.83
78,3,Aditivo,51,32.23
78,3,Aditivo,52,30.48
79,1,Aditivo,1,26.91
79,1,Aditivo,2,28.22
79,1,Aditivo,3,31.91
79,1,Aditivo,4,28.0
79,1,Aditivo,5,34.22
79,1,Aditivo,6,30.77
79,1,Aditivo,7,36.99
79,1,Aditivo,8,33.68
79,1,Aditivo,9,32.06
79,1,Aditivo,10,33.77
79,1,Aditivo,11,29.75
79,1,Aditivo,12,36.94
79,1,Aditivo,13,35.8
79,1,Aditivo,14,33.44
79,1,Aditivo,15,38.55
79,1,Aditivo,16,28.4
79,1,Aditivo,17,35.28
79,1,Aditivo,18,36.51
79,1,Aditivo,19,34.44
79,1,Aditivo,20,32.53
79,1,Aditivo,21,26.87
79,1,Aditivo,22,36.36
79,1,Aditivo,23,31.87
79,1,Aditivo,24,32.99
79,1,Aditivo,25,36.21
79,1,Aditivo,26,36.27
79,1,Aditivo,27,29.88
79,1,Aditivo,28,30.44
79,1,Aditivo,29,31.33
79,1,Aditivo,30,35.57
79,1,Aditivo,31,36.79
79,1,Aditivo,32,35.11
79,1,Aditivo,33,32.33
79,1,Aditivo,34,33.27
79,1,Aditivo,35,37.91
79,1,Aditivo,36,30.43
79,1,Aditivo,37,36.19
79,1,Aditivo,38,33.58
79,1,Aditivo,39,35.42
79,1,Aditivo,40,34.08
79,1,Aditivo,41,37.14
79,1,Aditivo,42,35.69
79,1,Aditivo,43,34.36
79,1,Aditivo,44,40.99
79,1,Aditivo,45,38.0
79,1,Aditivo,46,35.11
79,1,Aditivo,47,36.68
79,1,Aditivo,48,34.75
79,1,Aditivo,49,32.38
79,1,Aditivo,50,29.33
79,1,Aditivo,51,40.74
79,1,Aditivo,52,33.28
80,2,Aditivo,1,34.81
80,2,Aditivo,2,33.06
80,2,Aditivo,3,31.37
80,2,Aditivo,4,32.83
80,2,Aditivo,5,34.83
80,2,Aditivo,6,32.37
80,2,Aditivo,7,33.51
80,2,Aditivo,8,29.56
80,2,Aditivo,9,33.51
80,2,Aditivo,10,33.14
80,2,Aditivo,11,32.61
80,2,Aditivo,12,40.38
80,2,Aditivo,13,26.74
80,2,Aditivo,14,31.51
80,2,Aditivo,15,28.79
80,2,Aditivo,16,32.32
80,2,Aditivo,17,29.63
80,2,Aditivo,18,34.88
80,2,Aditivo,19,32.82
80,2,Aditivo,20,31.08
80,2,Aditivo,21,31.19
80,2,Aditivo,22,35.17
80,2,Aditivo,23,34.96
80,2,Aditivo,24,35.74
80,2,Aditivo,25,36.95
80,2,Aditivo,26,38.61
80,2,Aditivo,27,32.94
80,2,Aditivo,28,28.1
80,2,Aditivo,29,31.63
80,2,Aditivo,30,32.21
80,2,Aditivo,31,37.86
80,2,Aditivo,32,34.94
80,2,Aditivo,33,38.57
80,2,Aditivo,34,32.45
80,2,Aditivo,35,32.48
80,2,Aditivo,36,39.24
80,2,Aditivo,37,31.35
80,2,Aditivo,38,37.26
80,2,Aditivo,39,32.22
80,2,Aditivo,40,37.19
80,2,Aditivo,41,37.48
80,2,Aditivo,42,37.64
80,2,Aditivo,43,39.1
80,2,Aditivo,44,32.23
80,2,Aditivo,45,32.24
80,2,Aditivo,46,33.22
80,2,Aditivo,47,32.94
80,2,Aditivo,48,32.93
80,2,Aditivo,49,39.74
80,2,Aditivo,50,39.39
80,2,Aditivo,51,33.81
80,2,Aditivo,52,32.36
81,3,Aditivo,1,34.52
81,3,Aditivo,2,27.97
81,3,Aditivo,3,39.05
81,3,Aditivo,4,33.22
81,3,Aditivo,5,32.12
81,3,Aditivo,6,30.16
81,3,Aditivo,7,31.55
81,3,Aditivo,8,34.62
81,3,Aditivo,9,39.62
81,3,Aditivo,10,28.6
81,3,Aditivo,11,32.26
81,3,Aditivo,12,29.23
81,3,Aditivo,13,29.02
81,3,Aditivo,14,32.97
81,3,Aditivo,15,31.25
81,3,Aditivo,16,33.8
81,3,Aditivo,17,34.93
81,3,Aditivo,18,29.15
81,3,Aditivo,19,31.36
81,3,Aditivo,20,32.17
81,3,Aditivo,21,26.54
81,3,Aditivo,22,32.33
81,3,Aditivo,23,29.32
81,3,Aditivo,24,32.53
81,3,Aditivo,25,33.11
81,3,Aditivo,26,27.67
81,3,Aditivo,27,30.01
81,3,Aditivo,28,34.58
81,3,Aditivo,29,36.12
81,3,Aditivo,30,39.19
81,3,Aditivo,31,34.6
81,3,Aditivo,32,31.63
81,3,Aditivo,33,30.89
81,3,Aditivo,34,29.88
81,3,Aditivo,35,36.83
81,3,Aditivo,36,29.72
81,3,Aditivo,37,31.52
81,3,Aditivo,38,33.52
81,3,Aditivo,39,37.78
81,3,Aditivo,40,35.83
81,3,Aditivo,41,33.64
81,3,Aditivo,42,36.0
81,3,Aditivo,43,39.92
81,3,Aditivo,44,33.19
81,3,Aditivo,45,37.68
81,3,Aditivo,46,36.15
81,3,Aditivo,47,38.09
81,3,Aditivo,48,34.84
81,3,Aditivo,49,32.38
81,3,Aditivo,50,31.37
81,3,Aditivo,51,33.97
81,3,Aditivo,52,31.57
82,1,Aditivo,1,31.6
82,1,Aditivo,2,35.62
82,1,Aditivo,3,36.53
82,1,Aditivo,4,30.34
82,1,Aditivo,5,37.63
82,1,Aditivo,6,38.77
82,1,Aditivo,7,31.13
82,1,Aditivo,8,30.08
82,1,Aditivo,9,32.7
82,1,Aditivo,10,25.26
82,1,Aditivo,11,31.27
82,1,Aditivo,12,38.81
82,1,Aditivo,13,36.47
82,1,Aditivo,14,34.73
82,1,Aditivo,15,32.15
82,1,Aditivo,16,33.03
82,1,Aditivo,17,34.35
82,1,Aditivo,18,31.92
82,1,Aditivo,19,30.21
82,1,Aditivo,20,34.49
82,1,Aditivo,21,33.62
82,1,Aditivo,22,34.19
82,1,Aditivo,23,36.37
82,1,Aditivo,24,39.09
82,1,Aditivo,25,34.33
82,1,Aditivo,26,34.63
82,1,Aditivo,27,32.0
82,1,Aditivo,28,39.36
82,1,Aditivo,29,27.83
82,1,Aditivo,30,31.41
82,1,Aditivo,31,36.42
82,1,Aditivo,32,36.16
82,1,Aditivo,33,32.83
82,1,Aditivo,34,31.28
82,1,Aditivo,35,29.79
82,1,Aditivo,36,34.63
82,1,Aditivo,37,31.59
82,1,Aditivo,38,28.67
82,1,Aditivo,39,38.01
82,1,Aditivo,40,38.63
82,1,Aditivo,41,32.37
82,1,Aditivo,42,37.59
82,1,Aditivo,43,34.08
82,1,Aditivo,44,34.33
82,1,Aditivo,45,34.18
82,1,Aditivo,46,34.42
82,1,Aditivo,47,34.75
82,1,Aditivo,48,33.0
82,1,Aditivo,49,31.1
82,1,Aditivo,50,34.84
82,1,Aditivo,51,26.89
82,1,Aditivo,52,38.6
83,4,Aditivo,1,34.3
83,4,Aditivo,2,33.42
83,4,Aditivo,3,34.22
83,4,Aditivo,4,32.3
83,4,Aditivo,5,37.02
83,4,Aditivo,6,29.91
83,4,Aditivo,7,32.37
83,4,Aditivo,8,32.69
83,4,Aditivo,9,32.5
83,4,Aditivo,10,32.09
83,4,Aditivo,11,31.27
83,4,Aditivo,12,26.7
83,4,Aditivo,13,28.4
83,4,Aditivo,14,33.13
83,4,Aditivo,15,28.34
83,4,Aditivo,16,34.44
83,4,Aditivo,17,31.97
83,4,Aditivo,18,29.82
83,4,Aditivo,19,37.49
83,4,Aditivo,20,36.1
83,4,Aditivo,21,34.28
83,4,Aditivo,22,25.96
83,4,Aditivo,23,41.1
83,4,Aditivo,24,28.15
83,4,Aditivo,25,34.41
83,4,Aditivo,26,31.15
83,4,Aditivo,27,32.14
83,4,Aditivo,28,38.88
83,4,Aditivo,29,37.9
83,4,Aditivo,30,40.34
83,4,Aditivo,31,28.96
83,4,Aditivo,32,32.99
83,4,Aditivo,33,33.02
83,4,Aditivo,34,30.72
83,4,Aditivo,35,32.47
83,4,Aditivo,36,36.18
83,4,Aditivo,37,29.75
83,4,Aditivo,38,36.83
83,4,Aditivo,39,31.25
83,4,Aditivo,40,31.13
83,4,Aditivo,41,30.76
83,4,Aditivo,42,34.14
83,4,Aditivo,43,36.36
83,4,Aditivo,44,29.6
83,4,Aditivo,45,33.3
83,4,Aditivo,46,31.07
83,4,Aditivo,47,34.44
83,4,Aditivo,48,36.45
83,4,Aditivo,49,33.86
83,4,Aditivo,50,33.58
83,4,Aditivo,51,31.7
83,4,Aditivo,52,37.22
84,5,Aditivo,1,34.36
84,5,Aditivo,2,33.49
84,5,Aditivo,3,32.07
84,5,Aditivo,4,33.53
84,5,Aditivo,5,29.03
84,5,Aditivo,6,28.84
84,5,Aditivo,7,34.1
84,5,Aditivo,8,28.84
84,5,Aditivo,9,37.91
84,5,Aditivo,10,30.14
84,5,Aditivo,11,34.19
84,5,Aditivo,12,28.88
84,5,Aditivo,13,32.59
84,5,Aditivo,14,33.95
84,5,Aditivo,15,31.46
84,5,Aditivo,16,30.91
84,5,Aditivo,17,32.04
84,5,Aditivo,18,36.82
84,5,Aditivo,19,35.99
84,5,Aditivo,20,36.32
84,5,Aditivo,21,36.17
84,5,Aditivo,22,37.66
84,5,Aditivo,23,35.59
84,5,Aditivo,24,26.36
84,5,Aditivo,25,35.18
84,5,Aditivo,26,34.65
84,5,Aditivo,27,32.69
84,5,Aditivo,28,28.98
84,5,Aditivo,29,31.41
84,5,Aditivo,30,32.5
84,5,Aditivo,31,36.17
84,5,Aditivo,32,35.76
84,5,Aditivo,33,30.17
84,5,Aditivo,34,35.53
84,5,Aditivo,35,27.99
84,5,Aditivo,36,32.52
84,5,Aditivo,37,33.8
84,5,Aditivo,38,36.14
84,5,Aditivo,39,33.18
84,5,Aditivo,40,35.68
84,5,Aditivo,41,34.94
84,5,Aditivo,42,35.56
84,5,Aditivo,43,36.14
84,5,Aditivo,44,33.35
84,5,Aditivo,45,36.89
84,5,Aditivo,46,38.96
84,5,Aditivo,47,33.87
84,5,Aditivo,48,27.61
84,5,Aditivo,49,36.42
84,5,Aditivo,50,34.57
84,5,Aditivo,51,36.0
84,5,Aditivo,52,32.21
85,1,Control,1,36.11
85,1,Control,2,30.1
85,1,Control,3,33.43
85,1,Control,4,26.84
85,1,Control,5,33.64
85,1,Control,6,29.41
85,1,Control,7,31.36
85,1,Control,8,32.59
85,1,Control,9,30.0
85,1,Control,10,32.43
85,1,Control,11,28.96
85,1,Control,12,32.97
85,1,Control,13,29.53
85,1,Control,14,34.71
85,1,Control,15,33.51
85,1,Control,16,33.41
85,1,Control,17,33.03
85,1,Control,18,28.91
85,1,Control,19,29.77
85,1,Control,20,25.25
85,1,Control,21,31.05
85,1,Control,22,31.93
85,1,Control,23,30.6
85,1,Control,24,30.47
85,1,Control,25,36.29
85,1,Control,26,26.14
85,1,Control,27,27.3
85,1,Control,28,33.05
85,1,Control,29,26.06
85,1,Control,30,33.05
85,1,Control,31,29.67
85,1,Control,32,30.83
85,1,Control,33,30.17
85,1,Control,34,31.08
85,1,Control,35,40.4
85,1,Control,36,31.95
85,1,Control,37,30.67
85,1,Control,38,31.15
85,1,Control,39,32.81
85,1,Control,40,36.51
85,1,Control,41,31.68
85,1,Control,42,33.77
85,1,Control,43,27.46
85,1,Control,44,33.99
85,1,Control,45,34.94
85,1,Control,46,37.0
85,1,Control,47,30.73
85,1,Control,48,31.06
85,1,Control,49,30.75
85,1,Control,50,31.97
85,1,Control,51,38.47
85,1,Control,52,31.46
86,1,Aditivo,1,35.24
86,1,Aditivo,2,33.99
86,1,Aditivo,3,31.5
86,1,Aditivo,4,33.67
86,1,Aditivo,5,33.66
86,1,Aditivo,6,34.1
86,1,Aditivo,7,28.29
86,1,Aditivo,8,34.38
86,1,Aditivo,9,34.11
86,1,Aditivo,10,38.08
86,1,Aditivo,11,30.08
86,1,Aditivo,12,30.29
86,1,Aditivo,13,26.53
86,1,Aditivo,14,31.48
86,1,Aditivo,15,34.67
86,1,Aditivo,16,32.03
86,1,Aditivo,17,32.28
86,1,Aditivo,18,33.46
86,1,Aditivo,19,37.22
86,1,Aditivo,20,31.52
86,1,Aditivo,21,37.59
86,1,Aditivo,22,31.03
86,1,Aditivo,23,36.75
86,1,Aditivo,24,30.35
86,1,Aditivo,25,33.69
86,1,Aditivo,26,31.33
86,1,Aditivo,27,35.63
86,1,Aditivo,28,31.32
86,1,Aditivo,29,31.4
86,1,Aditivo,30,30.73
86,1,Aditivo,31,33.12
86,1,Aditivo,32,34.0
86,1,Aditivo,33,34.8
86,1,Aditivo,34,31.74
86,1,Aditivo,35,29.56
86,1,Aditivo,36,37.27
86,1,Aditivo,37,34.06
86,1,Aditivo,38,34.44
86,1,Aditivo,39,29.33
86,1,Aditivo,40,34.86
86,1,Aditivo,41,36.01
86,1,Aditivo,42,34.89
86,1,Aditivo,43,31.28
86,1,Aditivo,44,31.65
86,1,Aditivo,45,33.36
86,1,Aditivo,46,34.16
86,1,Aditivo,47,30.56
86,1,Aditivo,48,37.4
86,1,Aditivo,49,33.4
86,1,Aditivo,50,37.25
86,1,Aditivo,51,34.01
86,1,Aditivo,52,34.52
87,3,Control,1,30.75
87,3,Control,2,34.18
87,3,Control,3,32.74
87,3,Control,4,29.13
87,3,Control,5,25.99
87,3,Control,6,31.1
87,3,Control,7,32.62
87,3,Control,8,33.89
87,3,Control,9,29.16
87,3,Control,10,30.18
87,3,Control,11,31.6
87,3,Control,12,27.54
87,3,Control,13,29.7
87,3,Control,14,32.13
87,3,Control,15,34.81
87,3,Control,16,27.25
87,3,Control,17,27.71
87,3,Control,18,31.97
87,3,Control,19,31.55
87,3,Control,20,30.57
87,3,Control,21,27.67
87,3,Control,22,24.54
87,3,Control,23,36.62
87,3,Control,24,29.27
87,3,Control,25,33.95
87,3,Control,26,34.12
87,3,Control,27,31.26
87,3,Control,28,36.04
87,3,Control,29,30.04
87,3,Control,30,40.41
87,3,Control,31,33.75
87,3,Control,32,33.91
87,3,Control,33,31.27
87,3,Control,34,31.57
87,3,Control,35,33.35
87,3,Control,36,33.52
87,3,Control,37,31.23
87,3,Control,38,30.32
87,3,Control,39,35.87
87,3,Control,40,34.75
87,3,Control,41,33.07
87,3,Control,42,29.76
87,3,Control,43,32.31
87,3,Control,44,33.76
87,3,Control,45,38.33
87,3,Control,46,32.02
87,3,Control,47,31.66
87,3,Control,48,37.39
87,3,Control,49,27.56
87,3,Control,50,28.89
87,3,Control,51,37.35
87,3,Control,52,30.84
88,4,Control,1,29.35
88,4,Control,2,24.28
88,4,Control,3,31.46
88,4,Control,4,27.25
88,4,Control,5,27.71
88,4,Control,6,29.35
88,4,Control,7,30.98
88,4,Control,8,30.7
88,4,Control,9,29.87
88,4,Control,10,29.51
88,4,Control,11,29.74
88,4,Control,12,28.99
88,4,Control,13,27.1
88,4,Control,14,27.29
88,4,Control,15,33.69
88,4,Control,16,34.18
88,4,Control,17,29.97
88,4,Control,18,27.68
88,4,Control,19,28.91
88,4,Control,20,31.49
88,4,Control,21,33.4
88,4,Control,22,31.62
88,4,Control,23,30.07
88,4,Control,24,35.17
88,4,Control,25,37.39
88,4,Control,26,33.82
88,4,Control,27,26.64
88,4,Control,28,30.4
88,4,Control,29,36.43
88,4,Control,30,29.45
88,4,Control,31,32.24
88,4,Control,32,32.16
88,4,Control,33,33.07
88,4,Control,34,25.61
88,4,Control,35,34.55
88,4,Control,36,33.42
88,4,Control,37,29.16
88,4,Control,38,31.67
88,4,Control,39,37.39
88,4,Control,40,26.04
88,4,Control,41,27.43
88,4,Control,42,29.83
88,4,Control,43,34.63
88,4,Control,44,29.14
88,4,Control,45,32.2
88,4,Control,46,38.4
88,4,Control,47,35.81
88,4,Control,48,28.07
88,4,Control,49,34.0
88,4,Control,50,28.86
88,4,Control,51,28.71
88,4,Control,52,34.23
89,5,Control,1,34.44
89,5,Control,2,24.56
89,5,Control,3,28.5
89,5,Control,4,28.02
89,5,Control,5,33.4
89,5,Control,6,27.75
89,5,Control,7,31.43
89,5,Control,8,31.89
89,5,Control,9,29.03
89,5,Control,10,37.6
89,5,Control,11,28.27
89,5,Control,12,29.5
89,5,Control,13,28.93
89,5,Control,14,31.5
89,5,Control,15,28.1
89,5,Control,16,30.51
89,5,Control,17,25.9
89,5,Control,18,29.94
89,5,Control,19,30.53
89,5,Control,20,32.01
89,5,Control,21,32.25
89,5,Control,22,30.93
89,5,Control,23,33.89
89,5,Control,24,31.63
89,5,Control,25,34.29
89,5,Control,26,35.52
89,5,Control,27,33.77
89,5,Control,28,31.96
89,5,Control,29,25.01
89,5,Control,30,31.35
89,5,Control,31,28.94
89,5,Control,32,31.21
89,5,Control,33,35.83
89,5,Control,34,27.8
89,5,Control,35,31.58
89,5,Control,36,30.58
89,5,Control,37,32.58
89,5,Control,38,31.46
89,5,Control,39,36.58
89,5,Control,40,27.8
89,5,Control,41,34.27
89,5,Control,42,31.8
89,5,Control,43,33.59
89,5,Control,44,31.55
89,5,Control,45,36.59
89,5,Control,46,33.12
89,5,Control,47,31.98
89,5,Control,48,37.13
89,5,Control,49,30.73
89,5,Control,50,30.68
89,5,Control,51,32.78
89,5,Control,52,35.49
90,2,Aditivo,1,29.97
90,2,Aditivo,2,31.75
90,2,Aditivo,3,35.88
90,2,Aditivo,4,35.21
90,2,Aditivo,5,35.55
90,2,Aditivo,6,38.15
90,2,Aditivo,7,29.56
90,2,Aditivo,8,28.8
90,2,Aditivo,9,32.94
90,2,Aditivo,10,33.87
90,2,Aditivo,11,37.24
90,2,Aditivo,12,30.78
90,2,Aditivo,13,40.04
90,2,Aditivo,14,26.38
90,2,Aditivo,15,34.13
90,2,Aditivo,16,29.74
90,2,Aditivo,17,32.66
90,2,Aditivo,18,25.8
90,2,Aditivo,19,33.65
90,2,Aditivo,20,33.42
90,2,Aditivo,21,27.79
90,2,Aditivo,22,36.01
90,2,Aditivo,23,36.45
90,2,Aditivo,24,32.97
90,2,Aditivo,25,26.78
90,2,Aditivo,26,37.2
90,2,Aditivo,27,29.26
90,2,Aditivo,28,32.7
90,2,Aditivo,29,30.22
90,2,Aditivo,30,37.72
90,2,Aditivo,31,36.72
90,2,Aditivo,32,31.9
90,2,Aditivo,33,37.71
90,2,Aditivo,34,40.4
90,2,Aditivo,35,35.5
90,2,Aditivo,36,31.89
90,2,Aditivo,37,33.72
90,2,Aditivo,38,36.81
90,2,Aditivo,39,34.15
90,2,Aditivo,40,35.84
90,2,Aditivo,41,32.05
90,2,Aditivo,42,38.9
90,2,Aditivo,43,35.36
90,2,Aditivo,44,35.95
90,2,Aditivo,45,31.83
90,2,Aditivo,46,31.17
90,2,Aditivo,47,35.08
90,2,Aditivo,48,33.03
90,2,Aditivo,49,34.21
90,2,Aditivo,50,38.51
90,2,Aditivo,51,30.9
90,2,Aditivo,52,35.99
91,1,Control,1,33.46
91,1,Control,2,27.49
91,1,Control,3,36.51
91,1,Control,4,34.57
91,1,Control,5,32.56
91,1,Control,6,26.29
91,1,Control,7,31.98
91,1,Control,8,28.34
91,1,Control,9,32.66
91,1,Control,10,31.02
91,1,Control,11,30.04
91,1,Control,12,36.48
91,1,Control,13,28.17
91,1,Control,14,29.17
91,1,Control,15,32.98
91,1,Control,16,29.08
91,1,Control,17,29.24
91,1,Control,18,33.72
91,1,Control,19,33.73
91,1,Control,20,36.88
91,1,Control,21,32.95
91,1,Control,22,34.38
91,1,Control,23,31.31
91,1,Control,24,30.54
91,1,Control,25,31.83
91,1,Control,26,29.71
91,1,Control,27,34.85
91,1,Control,28,29.04
91,1,Control,29,33.87
91,1,Control,30,37.74
91,1,Control,31,31.36
91,1,Control,32,35.48
91,1,Control,33,32.81
91,1,Control,34,32.0
91,1,Control,35,34.32
91,1,Control,36,33.86
91,1,Control,37,33.43
91,1,Control,38,32.03
91,1,Control,39,29.95
91,1,Control,40,37.06
91,1,Control,41,32.97
91,1,Control,42,34.69
91,1,Control,43,38.61
91,1,Control,44,35.26
91,1,Control,45,29.18
91,1,Control,46,29.04
91,1,Control,47,38.46
91,1,Control,48,27.45
91,1,Control,49,30.33
91,1,Control,50,34.59
91,1,Control,51,33.51
91,1,Control,52,28.25
92,4,Control,1,30.95
92,4,Control,2,31.08
92,4,Control,3,33.73
92,4,Control,4,30.24
92,4,Control,5,28.75
92,4,Control,6,29.69
92,4,Control,7,33.61
92,4,Control,8,28.12
92,4,Control,9,27.58
92,4,Control,10,28.14
92,4,Control,11,31.14
92,4,Control,12,28.83
92,4,Control,13,25.39
92,4,Control,14,23.95
92,4,Control,15,31.81
92,4,Control,16,35.24
92,4,Control,17,32.21
92,4,Control,18,29.19
92,4,Control,19,37.54
92,4,Control,20,30.73
92,4,Control,21,30.04
92,4,Control,22,26.4
92,4,Control,23,34.69
92,4,Control,24,28.01
92,4,Control,25,34.8
92,4,Control,26,31.7
92,4,Control,27,32.04
92,4,Control,28,34.05
92,4,Control,29,26.09
92,4,Control,30,35.66
92,4,Control,31,33.21
92,4,Control,32,33.94
92,4,Control,33,26.94
92,4,Control,34,29.32
92,4,Control,35,36.87
92,4,Control,36,30.96
92,4,Control,37,35.22
92,4,Control,38,26.53
92,4,Control,39,28.71
92,4,Control,40,33.93
92,4,Control,41,37.22
92,4,Control,42,34.7
92,4,Control,43,27.96
92,4,Control,44,34.08
92,4,Control,45,31.92
92,4,Control,46,32.69
92,4,Control,47,34.6
92,4,Control,48,32.54
92,4,Control,49,34.1
92,4,Control,50,32.3
92,4,Control,51,34.65
92,4,Control,52,31.93
93,5,Aditivo,1,30.6
93,5,Aditivo,2,36.79
93,5,Aditivo,3,29.39
93,5,Aditivo,4,33.49
93,5,Aditivo,5,33.0
93,5,Aditivo,6,34.53
93,5,Aditivo,7,31.22
93,5,Aditivo,8,30.91
93,5,Aditivo,9,29.2
93,5,Aditivo,10,33.29
93,5,Aditivo,11,36.36
93,5,Aditivo,12,37.28
93,5,Aditivo,13,25.13
93,5,Aditivo,14,36.05
93,5,Aditivo,15,34.21
93,5,Aditivo,16,34.54
93,5,Aditivo,17,37.37
93,5,Aditivo,18,35.08
93,5,Aditivo,19,29.52
93,5,Aditivo,20,33.22
93,5,Aditivo,21,31.58
93,5,Aditivo,22,30.73
93,5,Aditivo,23,30.95
93,5,Aditivo,24,34.42
93,5,Aditivo,25,36.05
93,5,Aditivo,26,33.48
93,5,Aditivo,27,35.29
93,5,Aditivo,28,36.15
93,5,Aditivo,29,35.52
93,5,Aditivo,30,31.09
93,5,Aditivo,31,33.47
93,5,Aditivo,32,31.18
93,5,Aditivo,33,38.51
93,5,Aditivo,34,35.32
93,5,Aditivo,35,39.62
93,5,Aditivo,36,39.83
93,5,Aditivo,37,37.12
93,5,Aditivo,38,33.0
93,5,Aditivo,39,33.06
93,5,Aditivo,40,30.67
93,5,Aditivo,41,31.39
93,5,Aditivo,42,31.68
93,5,Aditivo,43,37.77
93,5,Aditivo,44,30.85
93,5,Aditivo,45,33.63
93,5,Aditivo,46,36.28
93,5,Aditivo,47,37.62
93,5,Aditivo,48,31.46
93,5,Aditivo,49,32.2
93,5,Aditivo,50,34.89
93,5,Aditivo,51,35.3
93,5,Aditivo,52,33.69
94,2,Control,1,28.75
94,2,Control,2,31.48
94,2,Control,3,27.8
94,2,Control,4,30.82
94,2,Control,5,28.38
94,2,Control,6,31.03
94,2,Control,7,33.44
94,2,Control,8,29.97
94,2,Control,9,35.8
94,2,Control,10,30.46
94,2,Control,11,29.05
94,2,Control,12,35.84
94,2,Control,13,28.01
94,2,Control,14,26.47
94,2,Control,15,33.51
94,2,Control,16,28.57
94,2,Control,17,30.54
94,2,Control,18,30.41
94,2,Control,19,29.96
94,2,Control,20,29.9
94,2,Control,21,30.62
94,2,Control,22,27.67
94,2,Control,23,28.99
94,2,Control,24,31.5
94,2,Control,25,31.84
94,2,Control,26,34.06
94,2,Control,27,33.02
94,2,Control,28,34.23
94,2,Control,29,30.95
94,2,Control,30,29.36
94,2,Control,31,30.86
94,2,Control,32,29.35
94,2,Control,33,31.36
94,2,Control,34,32.4
94,2,Control,35,32.31
94,2,Control,36,28.59
94,2,Control,37,33.09
94,2,Control,38,29.1
94,2,Control,39,36.18
94,2,Control,40,35.12
94,2,Control,41,34.07
94,2,Control,42,33.44
94,2,Control,43,29.13
94,2,Control,44,33.27
94,2,Control,45,30.72
94,2,Control,46,31.59
94,2,Control,47,28.39
94,2,Control,48,32.61
94,2,Control,49,32.78
94,2,Control,50,33.84
94,2,Control,51,32.73
94,2,Control,52,30.61
95,1,Aditivo,1,32.22
95,1,Aditivo,2,30.89
95,1,Aditivo,3,33.04
95,1,Aditivo,4,36.54
95,1,Aditivo,5,30.98
95,1,Aditivo,6,34.8
95,1,Aditivo,7,29.16
95,1,Aditivo,8,29.5
95,1,Aditivo,9,38.59
95,1,Aditivo,10,32.63
95,1,Aditivo,11,32.46
95,1,Aditivo,12,32.96
95,1,Aditivo,13,33.55
95,1,Aditivo,14,28.88
95,1,Aditivo,15,29.5
95,1,Aditivo,16,37.21
95,1,Aditivo,17,38.69
95,1,Aditivo,18,31.17
95,1,Aditivo,19,28.02
95,1,Aditivo,20,31.31
95,1,Aditivo,21,30.88
95,1,Aditivo,22,31.05
95,1,Aditivo,23,34.17
95,1,Aditivo,24,38.8
95,1,Aditivo,25,35.76
95,1,Aditivo,26,33.1
95,1,Aditivo,27,33.93
95,1,Aditivo,28,40.12
95,1,Aditivo,29,32.42
95,1,Aditivo,30,24.92
95,1,Aditivo,31,36.0
95,1,Aditivo,32,38.39
95,1,Aditivo,33,36.36
95,1,Aditivo,34,34.19
95,1,Aditivo,35,34.3
95,1,Aditivo,36,33.2
95,1,Aditivo,37,32.63
95,1,Aditivo,38,30.68
95,1,Aditivo,39,34.74
95,1,Aditivo,40,28.72
95,1,Aditivo,41,35.18
95,1,Aditivo,42,34.46
95,1,Aditivo,43,29.7
95,1,Aditivo,44,33.67
95,1,Aditivo,45,35.09
95,1,Aditivo,46,33.97
95,1,Aditivo,47,38.63
95,1,Aditivo,48,32.05
95,1,Aditivo,49,30.5
95,1,Aditivo,50,36.21
95,1,Aditivo,51,33.26
95,1,Aditivo,52,36.86
96,4,Control,1,25.52
96,4,Control,2,29.48
96,4,Control,3,27.74
96,4,Control,4,34.3
96,4,Control,5,26.82
96,4,Control,6,26.74
96,4,Control,7,28.62
96,4,Control,8,25.1
96,4,Control,9,25.14
96,4,Control,10,30.35
96,4,Control,11,28.56
96,4,Control,12,31.55
96,4,Control,13,32.97
96,4,Control,14,33.33
96,4,Control,15,27.19
96,4,Control,16,30.01
96,4,Control,17,31.65
96,4,Control,18,26.95
96,4,Control,19,30.4
96,4,Control,20,30.0
96,4,Control,21,28.21
96,4,Control,22,32.59
96,4,Control,23,33.66
96,4,Control,24,33.21
96,4,Control,25,28.34
96,4,Control,26,26.26
96,4,Control,27,31.53
96,4,Control,28,34.57
96,4,Control,29,29.1
96,4,Control,30,32.02
96,4,Control,31,31.93
96,4,Control,32,29.94
96,4,Control,33,32.59
96,4,Control,34,32.68
96,4,Control,35,28.51
96,4,Control,36,30.33
96,4,Control,37,30.28
96,4,Control,38,36.75
96,4,Control,39,33.46
96,4,Control,40,29.78
96,4,Control,41,28.69
96,4,Control,42,38.37
96,4,Control,43,31.44
96,4,Control,44,38.63
96,4,Control,45,31.96
96,4,Control,46,23.15
96,4,Control,47,23.95
96,4,Control,48,32.86
96,4,Control,49,27.97
96,4,Control,50,32.44
96,4,Control,51,31.82
96,4,Control,52,33.0
97,1,Aditivo,1,31.64
97,1,Aditivo,2,29.65
97,1,Aditivo,3,25.01
97,1,Aditivo,4,36.49
97,1,Aditivo,5,34.22
97,1,Aditivo,6,33.0
97,1,Aditivo,7,37.6
97,1,Aditivo,8,32.43
97,1,Aditivo,9,33.84
97,1,Aditivo,10,34.37
97,1,Aditivo,11,33.44
97,1,Aditivo,12,35.31
97,1,Aditivo,13,27.06
97,1,Aditivo,14,36.38
97,1,Aditivo,15,31.34
97,1,Aditivo,16,30.46
97,1,Aditivo,17,34.04
97,1,Aditivo,18,33.59
97,1,Aditivo,19,31.58
97,1,Aditivo,20,31.16
97,1,Aditivo,21,35.17
97,1,Aditivo,22,34.43
97,1,Aditivo,23,31.83
97,1,Aditivo,24,40.11
97,1,Aditivo,25,35.93
97,1,Aditivo,26,35.74
97,1,Aditivo,27,28.96
97,1,Aditivo,28,32.81
97,1,Aditivo,29,35.77
97,1,Aditivo,30,34.47
97,1,Aditivo,31,31.52
97,1,Aditivo,32,28.45
97,1,Aditivo,33,39.8
97,1,Aditivo,34,32.84
97,1,Aditivo,35,34.92
97,1,Aditivo,36,35.74
97,1,Aditivo,37,35.57
97,1,Aditivo,38,32.75
97,1,Aditivo,39,29.76
97,1,Aditivo,40,34.87
97,1,Aditivo,41,38.74
97,1,Aditivo,42,36.75
97,1,Aditivo,43,33.96
97,1,Aditivo,44,35.14
97,1,Aditivo,45,35.06
97,1,Aditivo,46,30.5
97,1,Aditivo,47,33.02
97,1,Aditivo,48,31.23
97,1,Aditivo,49,29.45
97,1,Aditivo,50,37.59
97,1,Aditivo,51,37.81
97,1,Aditivo,52,34.17
98,1,Aditivo,1,28.33
98,1,Aditivo,2,28.61
98,1,Aditivo,3,34.36
98,1,Aditivo,4,32.73
98,1,Aditivo,5,29.82
98,1,Aditivo,6,31.79
98,1,Aditivo,7,31.46
98,1,Aditivo,8,33.04
98,1,Aditivo,9,32.16
98,1,Aditivo,10,30.49
98,1,Aditivo,11,31.96
98,1,Aditivo,12,33.2
98,1,Aditivo,13,33.68
98,1,Aditivo,14,30.61
98,1,Aditivo,15,33.11
98,1,Aditivo,16,33.82
98,1,Aditivo,17,32.47
98,1,Aditivo,18,31.12
98,1,Aditivo,19,35.29
98,1,Aditivo,20,33.2
98,1,Aditivo,21,32.23
98,1,Aditivo,22,35.02
98,1,Aditivo,23,35.01
98,1,Aditivo,24,40.31
98,1,Aditivo,25,29.93
98,1,Aditivo,26,29.96
98,1,Aditivo,27,33.75
98,1,Aditivo,28,40.53
98,1,Aditivo,29,29.13
98,1,Aditivo,30,33.28
98,1,Aditivo,31,31.97
98,1,Aditivo,32,35.98
98,1,Aditivo,33,31.42
98,1,Aditivo,34,33.3
98,1,Aditivo,35,30.98
98,1,Aditivo,36,36.56
98,1,Aditivo,37,31.5
98,1,Aditivo,38,34.25
98,1,Aditivo,39,32.59
98,1,Aditivo,40,30.13
98,1,Aditivo,41,35.86
98,1,Aditivo,42,32.16
98,1,Aditivo,43,25.88
98,1,Aditivo,44,39.5
98,1,Aditivo,45,35.7
98,1,Aditivo,46,37.57
98,1,Aditivo,47,39.96
98,1,Aditivo,48,38.76
98,1,Aditivo,49,30.26
98,1,Aditivo,50,35.62
98,1,Aditivo,51,31.12
98,1,Aditivo,52,31.12
99,4,Aditivo,1,33.14
99,4,Aditivo,2,31.03
99,4,Aditivo,3,35.22
99,4,Aditivo,4,29.08
99,4,Aditivo,5,37.09
99,4,Aditivo,6,34.0
99,4,Aditivo,7,36.24
99,4,Aditivo,8,38.64
99,4,Aditivo,9,34.08
99,4,Aditivo,10,30.48
99,4,Aditivo,11,29.83
99,4,Aditivo,12,27.46
99,4,Aditivo,13,29.26
99,4,Aditivo,14,37.61
99,4,Aditivo,15,29.95
99,4,Aditivo,16,41.2
99,4,Aditivo,17,33.98
99,4,Aditivo,18,34.6
99,4,Aditivo,19,36.17
99,4,Aditivo,20,35.97
99,4,Aditivo,21,36.1
99,4,Aditivo,22,34.33
99,4,Aditivo,23,30.56
99,4,Aditivo,24,29.28
99,4,Aditivo,25,33.36
99,4,Aditivo,26,30.4
99,4,Aditivo,27,35.14
99,4,Aditivo,28,32.1
99,4,Aditivo,29,32.23
99,4,Aditivo,30,40.25
99,4,Aditivo,31,34.52
99,4,Aditivo,32,30.33
99,4,Aditivo,33,37.88
99,4,Aditivo,34,39.21
99,4,Aditivo,35,34.32
99,4,Aditivo,36,32.9
99,4,Aditivo,37,33.98
99,4,Aditivo,38,36.87
99,4,Aditivo,39,30.24
99,4,Aditivo,40,33.63
99,4,Aditivo,41,34.81
99,4,Aditivo,42,31.28
99,4,Aditivo,43,33.59
99,4,Aditivo,44,30.95
99,4,Aditivo,45,36.16
99,4,Aditivo,46,28.93
99,4,Aditivo,47,35.41
99,4,Aditivo,48,36.48
99,4,Aditivo,49,41.2
99,4,Aditivo,50,35.39
99,4,Aditivo,51,39.36
99,4,Aditivo,52,35.67
100,4,Control,1,30.91
100,4,Control,2,26.43
100,4,Control,3,29.92
100,4,Control,4,27.99
100,4,Control,5,33.92
100,4,Control,6,30.5
100,4,Control,7,31.88
100,4,Control,8,29.72
100,4,Control,9,28.99
100,4,Control,10,30.98
100,4,Control,11,27.06
100,4,Control,12,35.33
100,4,Control,13,31.07
100,4,Control,14,32.79
100,4,Control,15,27.31
100,4,Control,16,30.03
100,4,Control,17,30.68
100,4,Control,18,29.61
100,4,Control,19,25.99
100,4,Control,20,31.62
100,4,Control,21,32.55
100,4,Control,22,26.62
100,4,Control,23,32.1
100,4,Control,24,28.55
100,4,Control,25,31.07
100,4,Control,26,33.44
100,4,Control,27,28.2
100,4,Control,28,34.28
100,4,Control,29,38.05
100,4,Control,30,38.65
100,4,Control,31,27.84
100,4,Control,32,30.24
100,4,Control,33,32.98
100,4,Control,34,32.1
100,4,Control,35,28.77
100,4,Control,36,31.43
100,4,Control,37,35.94
100,4,Control,38,28.67
100,4,Control,39,26.1
100,4,Control,40,31.79
100,4,Control,41,33.05
100,4,Control,42,35.17
100,4,Control,43,28.42
100,4,Control,44,33.52
100,4,Control,45,29.33
100,4,Control,46,32.91
100,4,Control,47,31.75
100,4,Control,48,32.82
100,4,Control,49,37.88
100,4,Control,50,31.98
100,4,Control,51,28.26
100,4,Control,52,31.82
101,2,Aditivo,1,27.72
101,2,Aditivo,2,37.13
101,2,Aditivo,3,32.35
101,2,Aditivo,4,31.06
101,2,Aditivo,5,34.93
101,2,Aditivo,6,32.12
101,2,Aditivo,7,37.33
101,2,Aditivo,8,33.02
101,2,Aditivo,9,35.39
101,2,Aditivo,10,32.62
101,2,Aditivo,11,31.55
101,2,Aditivo,12,34.69
101,2,Aditivo,13,37.15
101,2,Aditivo,14,36.35
101,2,Aditivo,15,34.72
101,2,Aditivo,16,35.35
101,2,Aditivo,17,35.94
101,2,Aditivo,18,36.0
101,2,Aditivo,19,36.33
101,2,Aditivo,20,27.11
101,2,Aditivo,21,31.01
101,2,Aditivo,22,35.46
101,2,Aditivo,23,35.35
101,2,Aditivo,24,27.21
101,2,Aditivo,25,32.49
101,2,Aditivo,26,28.52
101,2,Aditivo,27,29.52
101,2,Aditivo,28,33.56
101,2,Aditivo,29,31.54
101,2,Aditivo,30,32.03
101,2,Aditivo,31,32.25
101,2,Aditivo,32,34.33
101,2,Aditivo,33,36.12
101,2,Aditivo,34,30.85
101,2,Aditivo,35,33.23
101,2,Aditivo,36,34.68
101,2,Aditivo,37,32.95
101,2,Aditivo,38,36.11
101,2,Aditivo,39,34.07
101,2,Aditivo,40,37.59
101,2,Aditivo,41,30.85
101,2,Aditivo,42,41.58
101,2,Aditivo,43,32.34
101,2,Aditivo,44,38.4
101,2,Aditivo,45,37.67
101,2,Aditivo,46,39.36
101,2,Aditivo,47,36.74
101,2,Aditivo,48,32.3
101,2,Aditivo,49,25.57
101,2,Aditivo,50,32.27
101,2,Aditivo,51,37.79
101,2,Aditivo,52,35.31
102,4,Aditivo,1,34.21
102,4,Aditivo,2,35.36
102,4,Aditivo,3,29.28
102,4,Aditivo,4,33.73
102,4,Aditivo,5,33.45
102,4,Aditivo,6,35.18
102,4,Aditivo,7,34.18
102,4,Aditivo,8,34.79
102,4,Aditivo,9,31.41
102,4,Aditivo,10,29.56
102,4,Aditivo,11,31.19
102,4,Aditivo,12,31.78
102,4,Aditivo,13,31.72
102,4,Aditivo,14,32.12
102,4,Aditivo,15,30.7
102,4,Aditivo,16,32.68
102,4,Aditivo,17,33.53
102,4,Aditivo,18,33.36
102,4,Aditivo,19,34.8
102,4,Aditivo,20,26.33
102,4,Aditivo,21,37.74
102,4,Aditivo,22,30.54
102,4,Aditivo,23,39.01
102,4,Aditivo,24,33.58
102,4,Aditivo,25,33.04
102,4,Aditivo,26,30.32
102,4,Aditivo,27,30.07
102,4,Aditivo,28,35.58
102,4,Aditivo,29,35.54
102,4,Aditivo,30,31.68
102,4,Aditivo,31,32.58
102,4,Aditivo,32,26.74
102,4,Aditivo,33,35.09
102,4,Aditivo,34,38.02
102,4,Aditivo,35,29.29
102,4,Aditivo,36,34.11
102,4,Aditivo,37,27.75
102,4,Aditivo,38,34.2
102,4,Aditivo,39,36.71
102,4,Aditivo,40,35.46
102,4,Aditivo,41,34.33
102,4,Aditivo,42,32.51
102,4,Aditivo,43,33.05
102,4,Aditivo,44,36.8
102,4,Aditivo,45,34.15
102,4,Aditivo,46,39.19
102,4,Aditivo,47,25.43
102,4,Aditivo,48,36.51
102,4,Aditivo,49,34.19
102,4,Aditivo,50,28.9
102,4,Aditivo,51,33.89
102,4,Aditivo,52,33.82
103,4,Aditivo,1,29.81
103,4,Aditivo,2,29.0
103,4,Aditivo,3,32.11
103,4,Aditivo,4,29.14
103,4,Aditivo,5,34.76
103,4,Aditivo,6,35.33
103,4,Aditivo,7,28.39
103,4,Aditivo,8,32.31
103,4,Aditivo,9,38.48
103,4,Aditivo,10,30.16
103,4,Aditivo,11,30.27
103,4,Aditivo,12,26.52
103,4,Aditivo,13,30.08
103,4,Aditivo,14,35.6
103,4,Aditivo,15,33.82
103,4,Aditivo,16,33.75
103,4,Aditivo,17,32.28
103,4,Aditivo,18,34.43
103,4,Aditivo,19,25.94
103,4,Aditivo,20,33.13
103,4,Aditivo,21,39.58
103,4,Aditivo,22,30.32
103,4,Aditivo,23,28.5
103,4,Aditivo,24,28.2
103,4,Aditivo,25,34.06
103,4,Aditivo,26,32.34
103,4,Aditivo,27,28.0
103,4,Aditivo,28,33.83
103,4,Aditivo,29,33.03
103,4,Aditivo,30,33.32
103,4,Aditivo,31,29.67
103,4,Aditivo,32,30.98
103,4,Aditivo,33,29.68
103,4,Aditivo,34,37.55
103,4,Aditivo,35,37.97
103,4,Aditivo,36,32.27
103,4,Aditivo,37,32.43
103,4,Aditivo,38,37.98
103,4,Aditivo,39,30.41
103,4,Aditivo,40,36.48
103,4,Aditivo,41,32.8
103,4,Aditivo,42,32.21
103,4,Aditivo,43,31.16
103,4,Aditivo,44,31.98
103,4,Aditivo,45,35.39
103,4,Aditivo,46,42.72
103,4,Aditivo,47,29.72
103,4,Aditivo,48,33.16
103,4,Aditivo,49,32.63
103,4,Aditivo,50,34.74
103,4,Aditivo,51,36.12
103,4,Aditivo,52,34.83
104,5,Control,1,25.21
104,5,Control,2,33.01
104,5,Control,3,30.37
104,5,Control,4,32.99
104,5,Control,5,33.29
104,5,Control,6,35.12
104,5,Control,7,29.71
104,5,Control,8,34.16
104,5,Control,9,34.62
104,5,Control,10,33.17
104,5,Control,11,28.76
104,5,Control,12,26.3
104,5,Control,13,30.42
104,5,Control,14,32.17
104,5,Control,15,32.04
104,5,Control,16,35.17
104,5,Control,17,36.94
104,5,Control,18,30.6
104,5,Control,19,34.67
104,5,Control,20,30.31
104,5,Control,21,31.0
104,5,Control,22,36.94
104,5,Control,23,34.78
104,5,Control,24,32.71
104,5,Control,25,27.48
104,5,Control,26,33.59
104,5,Control,27,29.51
104,5,Control,28,33.18
104,5,Control,29,27.64
104,5,Control,30,33.16
104,5,Control,31,35.8
104,5,Control,32,27.51
104,5,Control,33,30.42
104,5,Control,34,32.8
104,5,Control,35,30.92
104,5,Control,36,29.97
104,5,Control,37,30.73
104,5,Control,38,28.12
104,5,Control,39,33.99
104,5,Control,40,32.88
104,5,Control,41,37.04
104,5,Control,42,34.75
104,5,Control,43,30.1
104,5,Control,44,27.2
104,5,Control,45,30.88
104,5,Control,46,24.01
104,5,Control,47,31.66
104,5,Control,48,31.99
104,5,Control,49,31.16
104,5,Control,50,30.45
104,5,Control,51,30.6
104,5,Control,52,34.63
105,4,Control,1,27.11
105,4,Control,2,33.01
105,4,Control,3,27.17
105,4,Control,4,27.85
105,4,Control,5,31.81
105,4,Control,6,32.7
105,4,Control,7,27.01
105,4,Control,8,26.54
105,4,Control,9,32.23
105,4,Control,10,28.35
105,4,Control,11,27.5
105,4,Control,12,29.58
105,4,Control,13,31.13
105,4,Control,14,34.81
105,4,Control,15,28.02
105,4,Control,16,34.36
105,4,Control,17,28.32
105,4,Control,18,29.48
105,4,Control,19,34.28
105,4,Control,20,33.03
105,4,Control,21,30.8
105,4,Control,22,32.67
105,4,Control,23,30.07
105,4,Control,24,33.08
105,4,Control,25,36.3
105,4,Control,26,30.13
105,4,Control,27,30.23
105,4,Control,28,36.94
105,4,Control,29,26.27
105,4,Control,30,30.49
105,4,Control,31,32.73
105,4,Control,32,39.04
105,4,Control,33,26.52
105,4,Control,34,28.84
105,4,Control,35,31.65
105,4,Control,36,31.17
105,4,Control,37,30.53
105,4,Control,38,33.5
105,4,Control,39,26.07
105,4,Control,40,32.99
105,4,Control,41,24.69
105,4,Control,42,30.43
105,4,Control,43,38.05
105,4,Control,44,32.62
105,4,Control,45,32.17
105,4,Control,46,29.66
105,4,Control,47,30.89
105,4,Control,48,31.0
105,4,Control,49,31.33
105,4,Control,50,34.78
105,4,Control,51,36.64
105,4,Control,52,32.89
106,2,Control,1,27.22
106,2,Control,2,30.2
106,2,Control,3,36.09
106,2,Control,4,30.46
106,2,Control,5,27.88
106,2,Control,6,28.74
106,2,Control,7,30.84
106,2,Control,8,33.34
106,2,Control,9,30.02
106,2,Control,10,36.23
106,2,Control,11,30.88
106,2,Control,12,34.02
106,2,Control,13,32.55
106,2,Control,14,35.56
106,2,Control,15,31.35
106,2,Control,16,29.12
106,2,Control,17,29.52
106,2,Control,18,26.45
106,2,Control,19,28.86
106,2,Control,20,29.58
106,2,Control,21,28.41
106,2,Control,22,28.15
106,2,Control,23,34.91
106,2,Control,24,36.81
106,2,Control,25,31.25
106,2,Control,26,28.21
106,2,Control,27,29.18
106,2,Control,28,33.69
106,2,Control,29,31.05
106,2,Control,30,26.61
106,2,Control,31,28.59
106,2,Control,32,36.26
106,2,Control,33,34.03
106,2,Control,34,35.91
106,2,Control,35,32.82
106,2,Control,36,32.91
106,2,Control,37,30.9
106,2,Control,38,28.37
106,2,Control,39,34.31
106,2,Control,40,29.11
106,2,Control,41,30.86
106,2,Control,42,25.37
106,2,Control,43,32.54
106,2,Control,44,30.25
106,2,Control,45,35.86
106,2,Control,46,36.67
106,2,Control,47,33.75
106,2,Control,48,36.07
106,2,Control,49,30.36
106,2,Control,50,34.43
106,2,Control,51,33.34
106,2,Control,52,31.84
107,3,Control,1,27.71
107,3,Control,2,28.25
107,3,Control,3,29.3
107,3,Control,4,33.88
107,3,Control,5,29.07
107,3,Control,6,30.86
107,3,Control,7,31.08
107,3,Control,8,33.09
107,3,Control,9,31.79
107,3,Control,10,30.74
107,3,Control,11,29.93
107,3,Control,12,35.65
107,3,Control,13,31.04
107,3,Control,14,29.86
107,3,Control,15,27.64
107,3,Control,16,29.08
107,3,Control,17,30.3
107,3,Control,18,26.79
107,3,Control,19,29.68
107,3,Control,20,27.43
107,3,Control,21,33.33
107,3,Control,22,33.74
107,3,Control,23,33.07
107,3,Control,24,28.38
107,3,Control,25,26.78
107,3,Control,26,32.04
107,3,Control,27,35.91
107,3,Control,28,31.49
107,3,Control,29,32.87
107,3,Control,30,26.79
107,3,Control,31,24.11
107,3,Control,32,32.3
107,3,Control,33,31.99
107,3,Control,34,27.77
107,3,Control,35,33.99
107,3,Control,36,29.68
107,3,Control,37,30.99
107,3,Control,38,33.43
107,3,Control,39,30.03
107,3,Control,40,30.3
107,3,Control,41,30.76
107,3,Control,42,32.93
107,3,Control,43,34.88
107,3,Control,44,31.41
107,3,Control,45,27.4
107,3,Control,46,31.95
107,3,Control,47,27.27
107,3,Control,48,38.71
107,3,Control,49,34.68
107,3,Control,50,28.81
107,3,Control,51,29.87
107,3,Control,52,34.92
108,5,Aditivo,1,29.72
108,5,Aditivo,2,34.36
108,5,Aditivo,3,32.54
108,5,Aditivo,4,31.99
108,5,Aditivo,5,34.83
108,5,Aditivo,6,34.27
108,5,Aditivo,7,29.15
108,5,Aditivo,8,31.28
108,5,Aditivo,9,35.38
108,5,Aditivo,10,37.27
108,5,Aditivo,11,31.82
108,5,Aditivo,12,32.88
108,5,Aditivo,13,33.24
108,5,Aditivo,14,29.25
108,5,Aditivo,15,32.93
108,5,Aditivo,16,27.6
108,5,Aditivo,17,31.82
108,5,Aditivo,18,35.55
108,5,Aditivo,19,30.54
108,5,Aditivo,20,32.52
108,5,Aditivo,21,32.16
108,5,Aditivo,22,32.81
108,5,Aditivo,23,34.51
108,5,Aditivo,24,33.66
108,5,Aditivo,25,31.65
108,5,Aditivo,26,30.38
108,5,Aditivo,27,35.13
108,5,Aditivo,28,31.14
108,5,Aditivo,29,33.18
108,5,Aditivo,30,35.9
108,5,Aditivo,31,34.54
108,5,Aditivo,32,37.21
108,5,Aditivo,33,32.21
108,5,Aditivo,34,28.19
108,5,Aditivo,35,29.09
108,5,Aditivo,36,32.01
108,5,Aditivo,37,33.84
108,5,Aditivo,38,30.83
108,5,Aditivo,39,39.49
108,5,Aditivo,40,38.08
108,5,Aditivo,41,33.43
108,5,Aditivo,42,32.5
108,5,Aditivo,43,38.15
108,5,Aditivo,44,37.46
108,5,Aditivo,45,31.62
108,5,Aditivo,46,30.99
108,5,Aditivo,47,33.73
108,5,Aditivo,48,34.99
108,5,Aditivo,49,33.54
108,5,Aditivo,50,35.55
108,5,Aditivo,51,36.51
108,5,Aditivo,52,33.96
109,1,Control,1,29.24
109,1,Control,2,34.2
109,1,Control,3,27.94
109,1,Control,4,28.5
109,1,Control,5,30.25
109,1,Control,6,28.01
109,1,Control,7,34.21
109,1,Control,8,32.28
109,1,Control,9,32.53
109,1,Control,10,32.08
109,1,Control,11,32.71
109,1,Control,12,28.48
109,1,Control,13,32.15
109,1,Control,14,27.47
109,1,Control,15,27.92
109,1,Control,16,31.93
109,1,Control,17,30.71
109,1,Control,18,31.66
109,1,Control,19,29.23
109,1,Control,20,28.77
109,1,Control,21,29.98
109,1,Control,22,31.28
109,1,Control,23,30.13
109,1,Control,24,33.69
109,1,Control,25,30.29
109,1,Control,26,26.5
109,1,Control,27,32.64
109,1,Control,28,34.89
109,1,Control,29,32.83
109,1,Control,30,34.05
109,1,Control,31,29.02
109,1,Control,32,32.6
109,1,Control,33,33.39
109,1,Control,34,31.55
109,1,Control,35,28.01
109,1,Control,36,32.13
109,1,Control,37,35.96
109,1,Control,38,30.42
109,1,Control,39,38.36
109,1,Control,40,31.46
109,1,Control,41,33.15
109,1,Control,42,29.06
109,1,Control,43,25.65
109,1,Control,44,34.93
109,1,Control,45,34.07
109,1,Control,46,23.67
109,1,Control,47,31.67
109,1,Control,48,31.17
109,1,Control,49,35.11
109,1,Control,50,34.6
109,1,Control,51,29.66
109,1,Control,52,35.52
110,1,Control,1,32.75
110,1,Control,2,28.76
110,1,Control,3,27.75
110,1,Control,4,35.35
110,1,Control,5,33.38
110,1,Control,6,25.46
110,1,Control,7,29.57
110,1,Control,8,25.8
110,1,Control,9,34.99
110,1,Control,10,32.24
110,1,Control,11,32.03
110,1,Control,12,27.21
110,1,Control,13,28.88
110,1,Control,14,32.61
110,1,Control,15,24.59
110,1,Control,16,34.21
110,1,Control,17,30.8
110,1,Control,18,29.38
110,1,Control,19,30.55
110,1,Control,20,31.21
110,1,Control,21,32.45
110,1,Control,22,27.49
110,1,Control,23,26.44
110,1,Control,24,30.03
110,1,Control,25,29.35
110,1,Control,26,30.15
110,1,Control,27,35.07
110,1,Control,28,33.24
110,1,Control,29,26.04
110,1,Control,30,36.0
110,1,Control,31,33.22
110,1,Control,32,29.22
110,1,Control,33,30.96
110,1,Control,34,30.65
110,1,Control,35,28.41
110,1,Control,36,32.11
110,1,Control,37,33.79
110,1,Control,38,32.44
110,1,Control,39,29.84
110,1,Control,40,31.62
110,1,Control,41,34.75
110,1,Control,42,31.89
110,1,Control,43,27.1
110,1,Control,44,29.89
110,1,Control,45,32.49
110,1,Control,46,26.95
110,1,Control,47,34.16
110,1,Control,48,36.76
110,1,Control,49,29.41
110,1,Control,50,33.54
110,1,Control,51,28.46
110,1,Control,52,33.96
111,1,Aditivo,1,30.24
111,1,Aditivo,2,29.31
111,1,Aditivo,3,31.35
111,1,Aditivo,4,31.67
111,1,Aditivo,5,30.26
111,1,Aditivo,6,27.87
111,1,Aditivo,7,31.98
111,1,Aditivo,8,28.33
111,1,Aditivo,9,34.01
111,1,Aditivo,10,30.27
111,1,Aditivo,11,27.07
111,1,Aditivo,12,28.83
111,1,Aditivo,13,32.69
111,1,Aditivo,14,33.83
111,1,Aditivo,15,33.61
111,1,Aditivo,16,29.17
111,1,Aditivo,17,35.6
111,1,Aditivo,18,36.09
111,1,Aditivo,19,35.52
111,1,Aditivo,20,35.4
111,1,Aditivo,21,33.44
111,1,Aditivo,22,35.0
111,1,Aditivo,23,37.4
111,1,Aditivo,24,33.68
111,1,Aditivo,25,32.57
111,1,Aditivo,26,31.19
111,1,Aditivo,27,29.42
111,1,Aditivo,28,38.65
111,1,Aditivo,29,34.44
111,1,Aditivo,30,38.65
111,1,Aditivo,31,36.04
111,1,Aditivo,32,35.7
111,1,Aditivo,33,38.8
111,1,Aditivo,34,33.86
111,1,Aditivo,35,32.47
111,1,Aditivo,36,30.5
111,1,Aditivo,37,31.42
111,1,Aditivo,38,30.34
111,1,Aditivo,39,33.27
111,1,Aditivo,40,29.43
111,1,Aditivo,41,29.16
111,1,Aditivo,42,28.27
111,1,Aditivo,43,32.15
111,1,Aditivo,44,33.47
111,1,Aditivo,45,28.36
111,1,Aditivo,46,32.57
111,1,Aditivo,47,38.86
111,1,Aditivo,48,38.38
111,1,Aditivo,49,34.9
111,1,Aditivo,50,33.02
111,1,Aditivo,51,31.5
111,1,Aditivo,52,34.15
112,1,Aditivo,1,34.04
112,1,Aditivo,2,31.91
112,1,Aditivo,3,33.79
112,1,Aditivo,4,36.51
112,1,Aditivo,5,39.47
112,1,Aditivo,6,25.9
112,1,Aditivo,7,36.24
112,1,Aditivo,8,31.03
112,1,Aditivo,9,29.49
112,1,Aditivo,10,29.85
112,1,Aditivo,11,33.04
112,1,Aditivo,12,31.76
112,1,Aditivo,13,29.78
112,1,Aditivo,14,31.47
112,1,Aditivo,15,34.91
112,1,Aditivo,16,32.96
112,1,Aditivo,17,28.98
112,1,Aditivo,18,31.84
112,1,Aditivo,19,41.04
112,1,Aditivo,20,32.44
112,1,Aditivo,21,32.63
112,1,Aditivo,22,24.38
112,1,Aditivo,23,29.63
112,1,Aditivo,24,37.49
112,1,Aditivo,25,35.06
112,1,Aditivo,26,35.2
112,1,Aditivo,27,32.54
112,1,Aditivo,28,29.43
112,1,Aditivo,29,33.76
112,1,Aditivo,30,32.5
112,1,Aditivo,31,33.08
112,1,Aditivo,32,40.57
112,1,Aditivo,33,34.3
112,1,Aditivo,34,36.38
112,1,Aditivo,35,36.98
112,1,Aditivo,36,34.97
112,1,Aditivo,37,33.21
112,1,Aditivo,38,31.65
112,1,Aditivo,39,39.84
112,1,Aditivo,40,34.34
112,1,Aditivo,41,31.14
112,1,Aditivo,42,35.53
112,1,Aditivo,43,38.34
112,1,Aditivo,44,36.82
112,1,Aditivo,45,25.97
112,1,Aditivo,46,31.89
112,1,Aditivo,47,35.85
112,1,Aditivo,48,35.57
112,1,Aditivo,49,39.1
112,1,Aditivo,50,27.69
112,1,Aditivo,51,33.63
112,1,Aditivo,52,32.85
113,2,Aditivo,1,38.42
113,2,Aditivo,2,32.72
113,2,Aditivo,3,26.77
113,2,Aditivo,4,29.1
113,2,Aditivo,5,39.88
113,2,Aditivo,6,34.23
113,2,Aditivo,7,30.35
113,2,Aditivo,8,32.88
113,2,Aditivo,9,29.94
113,2,Aditivo,10,36.81
113,2,Aditivo,11,32.04
113,2,Aditivo,12,28.49
113,2,Aditivo,13,40.99
113,2,Aditivo,14,33.32
113,2,Aditivo,15,31.92
113,2,Aditivo,16,35.53
113,2,Aditivo,17,36.88
113,2,Aditivo,18,35.55
113,2,Aditivo,19,29.25
113,2,Aditivo,20,34.83
113,2,Aditivo,21,26.55
113,2,Aditivo,22,35.7
113,2,Aditivo,23,37.02
113,2,Aditivo,24,39.75
113,2,Aditivo,25,32.46
113,2,Aditivo,26,35.75
113,2,Aditivo,27,31.3
113,2,Aditivo,28,37.36
113,2,Aditivo,29,34.6
113,2,Aditivo,30,30.99
113,2,Aditivo,31,30.01
113,2,Aditivo,32,29.11
113,2,Aditivo,33,33.65
113,2,Aditivo,34,30.88
113,2,Aditivo,35,34.86
113,2,Aditivo,36,29.8
113,2,Aditivo,37,37.49
113,2,Aditivo,38,37.84
113,2,Aditivo,39,30.68
113,2,Aditivo,40,31.72
113,2,Aditivo,41,36.04
113,2,Aditivo,42,33.82
113,2,Aditivo,43,35.19
113,2,Aditivo,44,29.48
113,2,Aditivo,45,35.98
113,2,Aditivo,46,38.77
113,2,Aditivo,47,37.02
113,2,Aditivo,48,28.27
113,2,Aditivo,49,37.12
113,2,Aditivo,50,35.84
113,2,Aditivo,51,34.22
113,2,Aditivo,52,35.85
114,3,Aditivo,1,34.68
114,3,Aditivo,2,32.48
114,3,Aditivo,3,35.38
114,3,Aditivo,4,38.43
114,3,Aditivo,5,33.74
114,3,Aditivo,6,33.78
114,3,Aditivo,7,28.95
114,3,Aditivo,8,32.46
114,3,Aditivo,9,29.98
114,3,Aditivo,10,30.7
114,3,Aditivo,11,34.24
114,3,Aditivo,12,34.65
114,3,Aditivo,13,29.76
114,3,Aditivo,14,31.47
114,3,Aditivo,15,31.48
114,3,Aditivo,16,32.18
114,3,Aditivo,17,30.4
114,3,Aditivo,18,31.7
114,3,Aditivo,19,34.25
114,3,Aditivo,20,35.03
114,3,Aditivo,21,35.16
114,3,Aditivo,22,29.39
114,3,Aditivo,23,31.68
114,3,Aditivo,24,30.09
114,3,Aditivo,25,27.58
114,3,Aditivo,26,35.54
114,3,Aditivo,27,34.93
114,3,Aditivo,28,33.71
114,3,Aditivo,29,29.94
114,3,Aditivo,30,33.8
114,3,Aditivo,31,31.97
114,3,Aditivo,32,32.93
114,3,Aditivo,33,32.67
114,3,Aditivo,34,38.22
114,3,Aditivo,35,27.56
114,3,Aditivo,36,32.72
114,3,Aditivo,37,29.44
114,3,Aditivo,38,30.36
114,3,Aditivo,39,33.7
114,3,Aditivo,40,37.44
114,3,Aditivo,41,33.92
114,3,Aditivo,42,32.4
114,3,Aditivo,43,35.26
114,3,Aditivo,44,35.69
114,3,Aditivo,45,38.93
114,3,Aditivo,46,35.57
114,3,Aditivo,47,37.65
114,3,Aditivo,48,41.03
114,3,Aditivo,49,33.33
114,3,Aditivo,50,37.43
114,3,Aditivo,51,30.81
114,3,Aditivo,52,32.9
115,4,Aditivo,1,36.21
115,4,Aditivo,2,28.29
115,4,Aditivo,3,33.24
115,4,Aditivo,4,32.71
115,4,Aditivo,5,29.26
115,4,Aditivo,6,27.17
115,4,Aditivo,7,29.51
115,4,Aditivo,8,36.62
115,4,Aditivo,9,34.23
115,4,Aditivo,10,38.12
115,4,Aditivo,11,31.75
115,4,Aditivo,12,29.34
115,4,Aditivo,13,28.84
115,4,Aditivo,14,31.51
115,4,Aditivo,15,28.26
115,4,Aditivo,16,30.81
115,4,Aditivo,17,33.27
115,4,Aditivo,18,34.5
115,4,Aditivo,19,42.02
115,4,Aditivo,20,32.03
115,4,Aditivo,21,32.18
115,4,Aditivo,22,30.7
115,4,Aditivo,23,36.8
115,4,Aditivo,24,31.82
115,4,Aditivo,25,33.78
115,4,Aditivo,26,27.99
115,4,Aditivo,27,29.83
115,4,Aditivo,28,28.04
115,4,Aditivo,29,33.2
115,4,Aditivo,30,32.98
115,4,Aditivo,31,28.41
115,4,Aditivo,32,37.24
115,4,Aditivo,33,28.54
115,4,Aditivo,34,39.75
115,4,Aditivo,35,38.6
115,4,Aditivo,36,32.83
115,4,Aditivo,37,31.13
115,4,Aditivo,38,35.31
115,4,Aditivo,39,34.73
115,4,Aditivo,40,27.07
115,4,Aditivo,41,29.15
115,4,Aditivo,42,38.84
115,4,Aditivo,43,33.32
115,4,Aditivo,44,31.92
115,4,Aditivo,45,37.66
115,4,Aditivo,46,34.96
115,4,Aditivo,47,29.91
115,4,Aditivo,48,32.97
115,4,Aditivo,49,33.94
115,4,Aditivo,50,38.04
115,4,Aditivo,51,34.07
115,4,Aditivo,52,37.1
116,3,Control,1,34.02
116,3,Control,2,31.45
116,3,Control,3,30.08
116,3,Control,4,25.66
116,3,Control,5,29.21
116,3,Control,6,32.66
116,3,Control,7,33.06
116,3,Control,8,25.4
116,3,Control,9,27.27
116,3,Control,10,29.73
116,3,Control,11,29.44
116,3,Control,12,32.49
116,3,Control,13,25.96
116,3,Control,14,28.57
116,3,Control,15,33.23
116,3,Control,16,33.56
116,3,Control,17,26.49
116,3,Control,18,32.72
116,3,Control,19,26.7
116,3,Control,20,32.82
116,3,Control,21,33.13
116,3,Control,22,31.61
116,3,Control,23,28.22
116,3,Control,24,25.24
116,3,Control,25,35.55
116,3,Control,26,26.89
116,3,Control,27,29.34
116,3,Control,28,30.59
116,3,Control,29,31.55
116,3,Control,30,33.1
116,3,Control,31,32.84
116,3,Control,32,32.24
116,3,Control,33,31.03
116,3,Control,34,28.97
116,3,Control,35,34.73
116,3,Control,36,32.95
116,3,Control,37,33.98
116,3,Control,38,31.24
116,3,Control,39,34.13
116,3,Control,40,24.67
116,3,Control,41,35.28
116,3,Control,42,31.5
116,3,Control,43,30.78
116,3,Control,44,30.6
116,3,Control,45,30.33
116,3,Control,46,32.35
116,3,Control,47,33.01
116,3,Control,48,37.22
116,3,Control,49,32.56
116,3,Control,50,29.01
116,3,Control,51,39.33
116,3,Control,52,32.47
117,1,Control,1,33.56
117,1,Control,2,28.61
117,1,Control,3,30.33
117,1,Control,4,29.59
117,1,Control,5,34.1
117,1,Control,6,26.82
117,1,Control,7,32.0
117,1,Control,8,29.55
117,1,Control,9,32.92
117,1,Control,10,29.08
117,1,Control,11,30.74
117,1,Control,12,23.79
117,1,Control,13,29.36
117,1,Control,14,27.92
117,1,Control,15,34.39
117,1,Control,16,29.51
117,1,Control,17,32.79
117,1,Control,18,29.18
117,1,Control,19,33.3
117,1,Control,20,32.75
117,1,Control,21,32.57
117,1,Control,22,33.21
117,1,Control,23,30.85
117,1,Control,24,27.2
117,1,Control,25,29.2
117,1,Control,26,33.44
117,1,Control,27,33.08
117,1,Control,28,34.36
117,1,Control,29,30.69
117,1,Control,30,32.05
117,1,Control,31,36.49
117,1,Control,32,32.74
117,1,Control,33,28.97
117,1,Control,34,32.04
117,1,Control,35,32.2
117,1,Control,36,33.32
117,1,Control,37,25.21
117,1,Control,38,32.24
117,1,Control,39,32.16
117,1,Control,40,27.02
117,1,Control,41,30.46
117,1,Control,42,29.3
117,1,Control,43,37.33
117,1,Control,44,32.57
117,1,Control,45,37.83
117,1,Control,46,31.95
117,1,Control,47,29.35
117,1,Control,48,31.53
117,1,Control,49,33.74
117,1,Control,50,33.87
117,1,Control,51,32.57
117,1,Control,52,35.71
118,2,Control,1,30.22
118,2,Control,2,31.48
118,2,Control,3,29.56
118,2,Control,4,28.34
118,2,Control,5,33.65
118,2,Control,6,29.4
118,2,Control,7,30.53
118,2,Control,8,29.81
118,2,Control,9,31.32
118,2,Control,10,32.71
118,2,Control,11,28.44
118,2,Control,12,23.73
118,2,Control,13,37.23
118,2,Control,14,27.18
118,2,Control,15,31.5
118,2,Control,16,27.99
118,2,Control,17,30.71
118,2,Control,18,25.44
118,2,Control,19,37.03
118,2,Control,20,30.4
118,2,Control,21,30.65
118,2,Control,22,33.56
118,2,Control,23,29.06
118,2,Control,24,26.08
118,2,Control,25,35.29
118,2,Control,26,25.16
118,2,Control,27,32.05
118,2,Control,28,26.97
118,2,Control,29,32.62
118,2,Control,30,33.31
118,2,Control,31,31.06
118,2,Control,32,29.91
118,2,Control,33,29.3
118,2,Control,34,31.63
118,2,Control,35,30.48
118,2,Control,36,28.96
118,2,Control,37,30.98
118,2,Control,38,30.59
118,2,Control,39,40.26
118,2,Control,40,30.97
118,2,Control,41,30.51
118,2,Control,42,34.17
118,2,Control,43,37.86
118,2,Control,44,29.71
118,2,Control,45,31.76
118,2,Control,46,30.22
118,2,Control,47,36.02
118,2,Control,48,34.59
118,2,Control,49,34.41
118,2,Control,50,30.02
118,2,Control,51,32.89
118,2,Control,52,35.92
119,1,Aditivo,1,30.31
119,1,Aditivo,2,34.48
119,1,Aditivo,3,32.76
119,1,Aditivo,4,32.47
119,1,Aditivo,5,31.65
119,1,Aditivo,6,32.51
119,1,Aditivo,7,36.2
119,1,Aditivo,8,31.45
119,1,Aditivo,9,31.28
119,1,Aditivo,10,33.0
119,1,Aditivo,11,32.09
119,1,Aditivo,12,27.5
119,1,Aditivo,13,37.64
119,1,Aditivo,14,35.95
119,1,Aditivo,15,31.51
119,1,Aditivo,16,34.38
119,1,Aditivo,17,32.67
119,1,Aditivo,18,27.21
119,1,Aditivo,19,25.97
119,1,Aditivo,20,40.27
119,1,Aditivo,21,31.84
119,1,Aditivo,22,35.96
119,1,Aditivo,23,31.6
119,1,Aditivo,24,33.33
119,1,Aditivo,25,30.72
119,1,Aditivo,26,34.47
119,1,Aditivo,27,32.23
119,1,Aditivo,28,31.19
119,1,Aditivo,29,34.61
119,1,Aditivo,30,40.59
119,1,Aditivo,31,37.49
119,1,Aditivo,32,29.31
119,1,Aditivo,33,37.21
119,1,Aditivo,34,33.1
119,1,Aditivo,35,32.31
119,1,Aditivo,36,29.95
119,1,Aditivo,37,35.33
119,1,Aditivo,38,32.69
119,1,Aditivo,39,36.02
119,1,Aditivo,40,35.74
119,1,Aditivo,41,37.25
119,1,Aditivo,42,34.15
119,1,Aditivo,43,33.93
119,1,Aditivo,44,38.49
119,1,Aditivo,45,34.92
119,1,Aditivo,46,35.35
119,1,Aditivo,47,29.82
119,1,Aditivo,48,32.62
119,1,Aditivo,49,35.84
119,1,Aditivo,50,32.53
119,1,Aditivo,51,31.21
119,1,Aditivo,52,36.72
120,2,Aditivo,1,32.85
120,2,Aditivo,2,30.95
120,2,Aditivo,3,32.59
120,2,Aditivo,4,29.64
120,2,Aditivo,5,32.09
120,2,Aditivo,6,32.85
120,2,Aditivo,7,30.66
120,2,Aditivo,8,34.94
120,2,Aditivo,9,30.31
120,2,Aditivo,10,34.15
120,2,Aditivo,11,33.8
120,2,Aditivo,12,32.98
120,2,Aditivo,13,31.42
120,2,Aditivo,14,31.54
120,2,Aditivo,15,34.43
120,2,Aditivo,16,32.6
120,2,Aditivo,17,28.58
120,2,Aditivo,18,32.09
120,2,Aditivo,19,32.72
120,2,Aditivo,20,32.22
120,2,Aditivo,21,30.35
120,2,Aditivo,22,36.1
120,2,Aditivo,23,29.17
120,2,Aditivo,24,32.57
120,2,Aditivo,25,31.7
120,2,Aditivo,26,38.61
120,2,Aditivo,27,32.53
120,2,Aditivo,28,31.43
120,2,Aditivo,29,36.21
120,2,Aditivo,30,37.14
120,2,Aditivo,31,34.41
120,2,Aditivo,32,34.16
120,2,Aditivo,33,30.26
120,2,Aditivo,34,33.89
120,2,Aditivo,35,33.21
120,2,Aditivo,36,33.79
120,2,Aditivo,37,36.24
120,2,Aditivo,38,34.12
120,2,Aditivo,39,36.01
120,2,Aditivo,40,30.83
120,2,Aditivo,41,30.91
120,2,Aditivo,42,30.96
120,2,Aditivo,43,39.17
120,2,Aditivo,44,30.96
120,2,Aditivo,45,34.99
120,2,Aditivo,46,31.1
120,2,Aditivo,47,35.52
120,2,Aditivo,48,37.41
120,2,Aditivo,49,28.69
120,2,Aditivo,50,34.78
120,2,Aditivo,51,33.51
120,2,Aditivo,52,33.63
121,4,Control,1,28.21
121,4,Control,2,35.45
121,4,Control,3,29.73
121,4,Control,4,31.24
121,4,Control,5,27.21
121,4,Control,6,29.79
121,4,Control,7,33.93
121,4,Control,8,28.75
121,4,Control,9,35.98
121,4,Control,10,31.71
121,4,Control,11,34.9
121,4,Control,12,33.54
121,4,Control,13,32.98
121,4,Control,14,32.21
121,4,Control,15,31.96
121,4,Control,16,34.62
121,4,Control,17,28.85
121,4,Control,18,32.3
121,4,Control,19,26.91
121,4,Control,20,35.89
121,4,Control,21,33.5
121,4,Control,22,32.7
121,4,Control,23,29.56
121,4,Control,24,31.19
121,4,Control,25,32.65
121,4,Control,26,24.59
121,4,Control,27,32.88
121,4,Control,28,30.24
121,4,Control,29,35.56
121,4,Control,30,33.84
121,4,Control,31,33.57
121,4,Control,32,35.16
121,4,Control,33,34.31
121,4,Control,34,38.6
121,4,Control,35,33.39
121,4,Control,36,36.14
121,4,Control,37,36.76
121,4,Control,38,31.83
121,4,Control,39,35.05
121,4,Control,40,33.97
121,4,Control,41,31.43
121,4,Control,42,35.16
121,4,Control,43,34.31
121,4,Control,44,40.3
121,4,Control,45,34.76
121,4,Control,46,35.3
121,4,Control,47,36.48
121,4,Control,48,33.97
121,4,Control,49,33.14
121,4,Control,50,32.88
121,4,Control,51,28.23
121,4,Control,52,31.62
122,5,Control,1,29.24
122,5,Control,2,30.44
122,5,Control,3,36.94
122,5,Control,4,24.52
122,5,Control,5,30.47
122,5,Control,6,35.05
122,5,Control,7,33.59
122,5,Control,8,31.39
122,5,Control,9,32.38
122,5,Control,10,31.64
122,5,Control,11,38.27
122,5,Control,12,33.74
122,5,Control,13,32.91
122,5,Control,14,24.04
122,5,Control,15,27.35
122,5,Control,16,28.58
122,5,Control,17,36.46
122,5,Control,18,39.54
122,5,Control,19,31.06
122,5,Control,20,32.12
122,5,Control,21,32.84
122,5,Control,22,32.88
122,5,Control,23,27.21
122,5,Control,24,33.78
122,5,Control,25,31.92
122,5,Control,26,34.48
122,5,Control,27,30.52
122,5,Control,28,28.6
122,5,Control,29,31.3
122,5,Control,30,26.87
122,5,Control,31,31.62
122,5,Control,32,31.54
122,5,Control,33,32.0
122,5,Control,34,33.65
122,5,Control,35,33.6
122,5,Control,36,29.0
122,5,Control,37,29.61
122,5,Control,38,35.71
122,5,Control,39,29.04
122,5,Control,40,26.19
122,5,Control,41,31.66
122,5,Control,42,30.42
122,5,Control,43,29.39
122,5,Control,44,29.44
122,5,Control,45,31.75
122,5,Control,46,28.93
122,5,Control,47,28.69
122,5,Control,48,31.53
122,5,Control,49,31.65
122,5,Control,50,32.1
122,5,Control,51,29.12
122,5,Control,52,30.5
123,5,Control,1,29.39
123,5,Control,2,25.35
123,5,Control,3,31.79
123,5,Control,4,33.12
123,5,Control,5,27.65
123,5,Control,6,29.94
123,5,Control,7,31.7
123,5,Control,8,29.36
123,5,Control,9,30.76
123,5,Control,10,28.05
123,5,Control,11,35.22
123,5,Control,12,30.31
123,5,Control,13,29.74
123,5,Control,14,32.95
123,5,Control,15,32.51
123,5,Control,16,25.89
123,5,Control,17,34.09
123,5,Control,18,30.22
123,5,Control,19,25.49
123,5,Control,20,30.22
123,5,Control,21,28.06
123,5,Control,22,32.38
123,5,Control,23,33.6
123,5,Control,24,31.21
123,5,Control,25,29.43
123,5,Control,26,28.39
123,5,Control,27,32.61
123,5,Control,28,30.97
123,5,Control,29,27.46
123,5,Control,30,33.74
123,5,Control,31,29.22
123,5,Control,32,33.34
123,5,Control,33,30.06
123,5,Control,34,29.58
123,5,Control,35,32.26
123,5,Control,36,37.96
123,5,Control,37,33.16
123,5,Control,38,29.58
123,5,Control,39,34.39
123,5,Control,40,31.16
123,5,Control,41,36.47
123,5,Control,42,27.61
123,5,Control,43,37.16
123,5,Control,44,34.26
123,5,Control,45,29.52
123,5,Control,46,28.8
123,5,Control,47,35.24
123,5,Control,48,30.95
123,5,Control,49,28.95
123,5,Control,50,33.04
123,5,Control,51,34.14
123,5,Control,52,34.13
124,2,Aditivo,1,30.64
124,2,Aditivo,2,30.97
124,2,Aditivo,3,28.85
124,2,Aditivo,4,41.25
124,2,Aditivo,5,28.63
124,2,Aditivo,6,32.31
124,2,Aditivo,7,35.19
124,2,Aditivo,8,29.74
124,2,Aditivo,9,29.06
124,2,Aditivo,10,31.31
124,2,Aditivo,11,34.2
124,2,Aditivo,12,36.17
124,2,Aditivo,13,30.55
124,2,Aditivo,14,33.34
124,2,Aditivo,15,28.34
124,2,Aditivo,16,31.26
124,2,Aditivo,17,31.03
124,2,Aditivo,18,33.3
124,2,Aditivo,19,35.6
124,2,Aditivo,20,38.12
124,2,Aditivo,21,29.07
124,2,Aditivo,22,27.77
124,2,Aditivo,23,28.53
124,2,Aditivo,24,32.53
124,2,Aditivo,25,26.58
124,2,Aditivo,26,29.46
124,2,Aditivo,27,32.24
124,2,Aditivo,28,38.77
124,2,Aditivo,29,30.67
124,2,Aditivo,30,42.12
124,2,Aditivo,31,29.48
124,2,Aditivo,32,36.78
124,2,Aditivo,33,30.82
124,2,Aditivo,34,36.26
124,2,Aditivo,35,31.76
124,2,Aditivo,36,37.08
124,2,Aditivo,37,33.4
124,2,Aditivo,38,33.28
124,2,Aditivo,39,36.49
124,2,Aditivo,40,35.57
124,2,Aditivo,41,33.7
124,2,Aditivo,42,36.71
124,2,Aditivo,43,32.59
124,2,Aditivo,44,39.96
124,2,Aditivo,45,36.63
124,2,Aditivo,46,41.08
124,2,Aditivo,47,32.06
124,2,Aditivo,48,34.88
124,2,Aditivo,49,34.2
124,2,Aditivo,50,33.33
124,2,Aditivo,51,30.33
124,2,Aditivo,52,36.76
125,5,Aditivo,1,28.59
125,5,Aditivo,2,31.64
125,5,Aditivo,3,29.08
125,5,Aditivo,4,32.04
125,5,Aditivo,5,33.41
125,5,Aditivo,6,32.12
125,5,Aditivo,7,36.32
125,5,Aditivo,8,30.41
125,5,Aditivo,9,32.17
125,5,Aditivo,10,28.64
125,5,Aditivo,11,30.41
125,5,Aditivo,12,33.97
125,5,Aditivo,13,34.55
125,5,Aditivo,14,32.37
125,5,Aditivo,15,37.32
125,5,Aditivo,16,34.29
125,5,Aditivo,17,33.43
125,5,Aditivo,18,35.21
125,5,Aditivo,19,34.12
125,5,Aditivo,20,32.25
125,5,Aditivo,21,33.18
125,5,Aditivo,22,35.58
125,5,Aditivo,23,35.84
125,5,Aditivo,24,30.65
125,5,Aditivo,25,31.58
125,5,Aditivo,26,32.87
125,5,Aditivo,27,34.47
125,5,Aditivo,28,31.3
125,5,Aditivo,29,39.57
125,5,Aditivo,30,33.79
125,5,Aditivo,31,32.23
125,5,Aditivo,32,33.46
125,5,Aditivo,33,34.45
125,5,Aditivo,34,33.99
125,5,Aditivo,35,32.5
125,5,Aditivo,36,35.1
125,5,Aditivo,37,27.42
125,5,Aditivo,38,32.24
125,5,Aditivo,39,31.67
125,5,Aditivo,40,33.24
125,5,Aditivo,41,32.65
125,5,Aditivo,42,32.03
125,5,Aditivo,43,31.3
125,5,Aditivo,44,38.58
125,5,Aditivo,45,36.17
125,5,Aditivo,46,32.34
125,5,Aditivo,47,34.82
125,5,Aditivo,48,27.81
125,5,Aditivo,49,34.24
125,5,Aditivo,50,38.43
125,5,Aditivo,51,35.14
125,5,Aditivo,52,39.22
126,1,Control,1,23.83
126,1,Control,2,30.2
126,1,Control,3,32.13
126,1,Control,4,29.5
126,1,Control,5,24.62
126,1,Control,6,28.68
126,1,Control,7,29.99
126,1,Control,8,32.75
126,1,Control,9,27.74
126,1,Control,10,33.64
126,1,Control,11,26.67
126,1,Control,12,27.84
126,1,Control,13,31.16
126,1,Control,14,28.51
126,1,Control,15,31.26
126,1,Control,16,31.4
126,1,Control,17,28.02
126,1,Control,18,33.4
126,1,Control,19,30.39
126,1,Control,20,32.13
126,1,Control,21,26.34
126,1,Control,22,26.91
126,1,Control,23,33.4
126,1,Control,24,34.29
126,1,Control,25,31.22
126,1,Control,26,31.41
126,1,Control,27,30.13
126,1,Control,28,31.75
126,1,Control,29,29.92
126,1,Control,30,33.07
126,1,Control,31,27.93
126,1,Control,32,28.99
126,1,Control,33,33.0
126,1,Control,34,31.04
126,1,Control,35,32.36
126,1,Control,36,35.27
126,1,Control,37,30.59
126,1,Control,38,36.95
126,1,Control,39,33.54
126,1,Control,40,29.4
126,1,Control,41,26.15
126,1,Control,42,31.59
126,1,Control,43,30.84
126,1,Control,44,22.13
126,1,Control,45,33.34
126,1,Control,46,29.23
126,1,Control,47,31.51
126,1,Control,48,33.4
126,1,Control,49,31.39
126,1,Control,50,32.66
126,1,Control,51,34.15
126,1,Control,52,27.15
127,2,Aditivo,1,29.99
127,2,Aditivo,2,36.37
127,2,Aditivo,3,29.88
127,2,Aditivo,4,31.58
127,2,Aditivo,5,34.24
127,2,Aditivo,6,30.45
127,2,Aditivo,7,37.15
127,2,Aditivo,8,33.47
127,2,Aditivo,9,30.78
127,2,Aditivo,10,35.58
127,2,Aditivo,11,31.14
127,2,Aditivo,12,30.63
127,2,Aditivo,13,33.3
127,2,Aditivo,14,33.04
127,2,Aditivo,15,33.39
127,2,Aditivo,16,30.23
127,2,Aditivo,17,30.78
127,2,Aditivo,18,33.7
127,2,Aditivo,19,33.91
127,2,Aditivo,20,29.69
127,2,Aditivo,21,34.66
127,2,Aditivo,22,34.23
127,2,Aditivo,23,31.69
127,2,Aditivo,24,30.64
127,2,Aditivo,25,31.95
127,2,Aditivo,26,32.65
127,2,Aditivo,27,32.01
127,2,Aditivo,28,30.32
127,2,Aditivo,29,38.85
127,2,Aditivo,30,30.58
127,2,Aditivo,31,35.51
127,2,Aditivo,32,31.03
127,2,Aditivo,33,31.62
127,2,Aditivo,34,31.28
127,2,Aditivo,35,34.61
127,2,Aditivo,36,34.77
127,2,Aditivo,37,30.93
127,2,Aditivo,38,31.71
127,2,Aditivo,39,36.01
127,2,Aditivo,40,35.34
127,2,Aditivo,41,36.67
127,2,Aditivo,42,30.72
127,2,Aditivo,43,36.12
127,2,Aditivo,44,31.79
127,2,Aditivo,45,32.65
127,2,Aditivo,46,35.66
127,2,Aditivo,47,39.41
127,2,Aditivo,48,34.99
127,2,Aditivo,49,30.95
127,2,Aditivo,50,37.57
127,2,Aditivo,51,31.88
127,2,Aditivo,52,30.82
128,5,Control,1,31.79
128,5,Control,2,29.21
128,5,Control,3,28.02
128,5,Control,4,27.56
128,5,Control,5,29.94
128,5,Control,6,30.5
128,5,Control,7,34.5
128,5,Control,8,30.14
128,5,Control,9,27.06
128,5,Control,10,29.27
128,5,Control,11,29.79
128,5,Control,12,34.46
128,5,Control,13,27.64
128,5,Control,14,28.38
128,5,Control,15,33.85
128,5,Control,16,30.1
128,5,Control,17,32.14
128,5,Control,18,32.8
128,5,Control,19,32.42
128,5,Control,20,24.45
128,5,Control,21,32.73
128,5,Control,22,32.09
128,5,Control,23,33.52
128,5,Control,24,32.2
128,5,Control,25,34.83
128,5,Control,26,29.3
128,5,Control,27,32.2
128,5,Control,28,31.3
128,5,Control,29,34.02
128,5,Control,30,32.56
128,5,Control,31,32.28
128,5,Control,32,31.04
128,5,Control,33,33.38
128,5,Control,34,34.48
128,5,Control,35,29.05
128,5,Control,36,33.14
128,5,Control,37,35.02
128,5,Control,38,32.4
128,5,Control,39,33.22
128,5,Control,40,37.51
128,5,Control,41,28.53
128,5,Control,42,30.49
128,5,Control,43,32.49
128,5,Control,44,34.61
128,5,Control,45,28.01
128,5,Control,46,29.24
128,5,Control,47,36.54
128,5,Control,48,31.19
128,5,Control,49,38.46
128,5,Control,50,30.25
128,5,Control,51,34.65
128,5,Control,52,28.67
129,2,Aditivo,1,30.2
129,2,Aditivo,2,36.33
129,2,Aditivo,3,37.88
129,2,Aditivo,4,34.9
129,2,Aditivo,5,28.96
129,2,Aditivo,6,35.84
129,2,Aditivo,7,32.16
129,2,Aditivo,8,29.68
129,2,Aditivo,9,30.95
129,2,Aditivo,10,33.79
129,2,Aditivo,11,32.31
129,2,Aditivo,12,33.8
129,2,Aditivo,13,34.66
129,2,Aditivo,14,33.83
129,2,Aditivo,15,34.27
129,2,Aditivo,16,31.52
129,2,Aditivo,17,33.09
129,2,Aditivo,18,29.35
129,2,Aditivo,19,32.45
129,2,Aditivo,20,31.7
129,2,Aditivo,21,27.22
129,2,Aditivo,22,36.88
129,2,Aditivo,23,34.53
129,2,Aditivo,24,31.8
129,2,Aditivo,25,34.45
129,2,Aditivo,26,35.27
129,2,Aditivo,27,35.27
129,2,Aditivo,28,34.65
129,2,Aditivo,29,40.4
129,2,Aditivo,30,34.62
129,2,Aditivo,31,35.71
129,2,Aditivo,32,30.41
129,2,Aditivo,33,31.98
129,2,Aditivo,34,33.56
129,2,Aditivo,35,36.17
129,2,Aditivo,36,31.14
129,2,Aditivo,37,33.3
129,2,Aditivo,38,34.41
129,2,Aditivo,39,35.57
129,2,Aditivo,40,33.71
129,2,Aditivo,41,33.64
129,2,Aditivo,42,34.96
129,2,Aditivo,43,33.92
129,2,Aditivo,44,31.76
129,2,Aditivo,45,37.41
129,2,Aditivo,46,38.9
129,2,Aditivo,47,31.83
129,2,Aditivo,48,31.87
129,2,Aditivo,49,28.51
129,2,Aditivo,50,29.09
129,2,Aditivo,51,38.18
129,2,Aditivo,52,32.83
130,1,Control,1,30.49
130,1,Control,2,25.78
130,1,Control,3,29.14
130,1,Control,4,26.41
130,1,Control,5,33.35
130,1,Control,6,31.86
130,1,Control,7,28.59
130,1,Control,8,30.09
130,1,Control,9,34.54
130,1,Control,10,34.57
130,1,Control,11,29.94
130,1,Control,12,29.32
130,1,Control,13,33.63
130,1,Control,14,28.76
130,1,Control,15,28.07
130,1,Control,16,31.52
130,1,Control,17,30.47
130,1,Control,18,29.52
130,1,Control,19,36.09
130,1,Control,20,30.63
130,1,Control,21,30.32
130,1,Control,22,30.1
130,1,Control,23,31.55
130,1,Control,24,30.38
130,1,Control,25,31.35
130,1,Control,26,26.29
130,1,Control,27,27.88
130,1,Control,28,35.96
130,1,Control,29,34.62
130,1,Control,30,34.97
130,1,Control,31,31.18
130,1,Control,32,27.96
130,1,Control,33,34.54
130,1,Control,34,34.33
130,1,Control,35,29.3
130,1,Control,36,40.11
130,1,Control,37,33.61
130,1,Control,38,34.39
130,1,Control,39,28.42
130,1,Control,40,38.23
130,1,Control,41,32.51
130,1,Control,42,33.82
130,1,Control,43,31.86
130,1,Control,44,33.58
130,1,Control,45,28.0
130,1,Control,46,34.93
130,1,Control,47,33.71
130,1,Control,48,27.71
130,1,Control,49,35.8
130,1,Control,50,32.48
130,1,Control,51,37.11
130,1,Control,52,30.4
131,5,Control,1,30.35
131,5,Control,2,33.31
131,5,Control,3,32.89
131,5,Control,4,26.7
131,5,Control,5,26.8
131,5,Control,6,30.71
131,5,Control,7,31.19
131,5,Control,8,31.7
131,5,Control,9,31.26
131,5,Control,10,27.09
131,5,Control,11,29.7
131,5,Control,12,31.6
131,5,Control,13,28.97
131,5,Control,14,39.56
131,5,Control,15,31.06
131,5,Control,16,33.63
131,5,Control,17,27.26
131,5,Control,18,31.75
131,5,Control,19,30.87
131,5,Control,20,26.32
131,5,Control,21,32.47
131,5,Control,22,28.06
131,5,Control,23,29.81
131,5,Control,24,34.53
131,5,Control,25,30.95
131,5,Control,26,35.88
131,5,Control,27,30.23
131,5,Control,28,34.19
131,5,Control,29,29.89
131,5,Control,30,31.92
131,5,Control,31,29.28
131,5,Control,32,29.47
131,5,Control,33,29.5
131,5,Control,34,28.75
131,5,Control,35,34.92
131,5,Control,36,32.71
131,5,Control,37,36.7
131,5,Control,38,23.76
131,5,Control,39,32.29
131,5,Control,40,34.04
131,5,Control,41,32.83
131,5,Control,42,35.6
131,5,Control,43,35.7
131,5,Control,44,33.11
131,5,Control,45,33.65
131,5,Control,46,35.51
131,5,Control,47,28.39
131,5,Control,48,30.7
131,5,Control,49,34.87
131,5,Control,50,30.01
131,5,Control,51,32.3
131,5,Control,52,32.46
132,1,Aditivo,1,32.48
132,1,Aditivo,2,31.66
132,1,Aditivo,3,32.86
132,1,Aditivo,4,28.65
132,1,Aditivo,5,31.18
132,1,Aditivo,6,35.41
132,1,Aditivo,7,28.46
132,1,Aditivo,8,31.99
132,1,Aditivo,9,29.76
132,1,Aditivo,10,32.92
132,1,Aditivo,11,39.72
132,1,Aditivo,12,36.11
132,1,Aditivo,13,35.67
132,1,Aditivo,14,36.53
132,1,Aditivo,15,33.79
132,1,Aditivo,16,25.3
132,1,Aditivo,17,31.74
132,1,Aditivo,18,28.9
132,1,Aditivo,19,32.76
132,1,Aditivo,20,33.09
132,1,Aditivo,21,36.47
132,1,Aditivo,22,34.13
132,1,Aditivo,23,32.98
132,1,Aditivo,24,38.37
132,1,Aditivo,25,33.34
132,1,Aditivo,26,35.27
132,1,Aditivo,27,32.22
132,1,Aditivo,28,35.07
132,1,Aditivo,29,35.2
132,1,Aditivo,30,28.31
132,1,Aditivo,31,32.49
132,1,Aditivo,32,34.07
132,1,Aditivo,33,29.47
132,1,Aditivo,34,33.7
132,1,Aditivo,35,31.18
132,1,Aditivo,36,29.7
132,1,Aditivo,37,31.94
132,1,Aditivo,38,30.91
132,1,Aditivo,39,37.47
132,1,Aditivo,40,29.45
132,1,Aditivo,41,31.29
132,1,Aditivo,42,32.26
132,1,Aditivo,43,36.17
132,1,Aditivo,44,34.37
132,1,Aditivo,45,37.31
132,1,Aditivo,46,30.68
132,1,Aditivo,47,33.65
132,1,Aditivo,48,32.6
132,1,Aditivo,49,36.79
132,1,Aditivo,50,34.97
132,1,Aditivo,51,37.5
132,1,Aditivo,52,35.77
133,4,Control,1,29.23
133,4,Control,2,31.03
133,4,Control,3,35.65
133,4,Control,4,27.32
133,4,Control,5,29.6
133,4,Control,6,31.5
133,4,Control,7,29.34
133,4,Control,8,28.42
133,4,Control,9,29.55
133,4,Control,10,37.97
133,4,Control,11,26.67
133,4,Control,12,34.74
133,4,Control,13,28.67
133,4,Control,14,24.23
133,4,Control,15,32.53
133,4,Control,16,31.25
133,4,Control,17,30.2
133,4,Control,18,33.15
133,4,Control,19,28.52
133,4,Control,20,31.59
133,4,Control,21,33.95
133,4,Control,22,35.8
133,4,Control,23,32.92
133,4,Control,24,35.06
133,4,Control,25,30.68
133,4,Control,26,27.82
133,4,Control,27,32.12
133,4,Control,28,31.94
133,4,Control,29,27.72
133,4,Control,30,31.32
133,4,Control,31,31.57
133,4,Control,32,30.88
133,4,Control,33,26.14
133,4,Control,34,31.74
133,4,Control,35,35.71
133,4,Control,36,34.24
133,4,Control,37,28.98
133,4,Control,38,34.63
133,4,Control,39,30.3
133,4,Control,40,29.0
133,4,Control,41,36.63
133,4,Control,42,37.77
133,4,Control,43,32.24
133,4,Control,44,34.84
133,4,Control,45,30.5
133,4,Control,46,29.12
133,4,Control,47,28.92
133,4,Control,48,29.36
133,4,Control,49,31.24
133,4,Control,50,29.36
133,4,Control,51,36.36
133,4,Control,52,28.34
134,1,Aditivo,1,28.84
134,1,Aditivo,2,35.2
134,1,Aditivo,3,30.92
134,1,Aditivo,4,33.46
134,1,Aditivo,5,32.59
134,1,Aditivo,6,33.66
134,1,Aditivo,7,37.58
134,1,Aditivo,8,31.34
134,1,Aditivo,9,33.45
134,1,Aditivo,10,31.8
134,1,Aditivo,11,32.56
134,1,Aditivo,12,37.1
134,1,Aditivo,13,35.56
134,1,Aditivo,14,26.52
134,1,Aditivo,15,31.43
134,1,Aditivo,16,34.22
134,1,Aditivo,17,36.29
134,1,Aditivo,18,29.19
134,1,Aditivo,19,34.11
134,1,Aditivo,20,32.73
134,1,Aditivo,21,30.66
134,1,Aditivo,22,32.9
134,1,Aditivo,23,30.62
134,1,Aditivo,24,33.52
134,1,Aditivo,25,32.67
134,1,Aditivo,26,28.68
134,1,Aditivo,27,39.9
134,1,Aditivo,28,36.93
134,1,Aditivo,29,35.12
134,1,Aditivo,30,37.57
134,1,Aditivo,31,26.42
134,1,Aditivo,32,33.76
134,1,Aditivo,33,32.24
134,1,Aditivo,34,30.54
134,1,Aditivo,35,35.0
134,1,Aditivo,36,26.47
134,1,Aditivo,37,29.44
134,1,Aditivo,38,36.62
134,1,Aditivo,39,29.53
134,1,Aditivo,40,32.65
134,1,Aditivo,41,29.49
134,1,Aditivo,42,37.89
134,1,Aditivo,43,35.83
134,1,Aditivo,44,38.56
134,1,Aditivo,45,31.02
134,1,Aditivo,46,34.4
134,1,Aditivo,47,37.18
134,1,Aditivo,48,30.94
134,1,Aditivo,49,32.17
134,1,Aditivo,50,33.15
134,1,Aditivo,51,36.71
134,1,Aditivo,52,37.93
135,3,Control,1,30.73
135,3,Control,2,30.58
135,3,Control,3,30.8
135,3,Control,4,22.97
135,3,Control,5,29.35
135,3,Control,6,36.66
135,3,Control,7,25.22
135,3,Control,8,33.31
135,3,Control,9,31.98
135,3,Control,10,27.03
135,3,Control,11,27.89
135,3,Control,12,27.92
135,3,Control,13,30.25
135,3,Control,14,33.78
135,3,Control,15,28.58
135,3,Control,16,29.86
135,3,Control,17,28.21
135,3,Control,18,31.88
135,3,Control,19,34.32
135,3,Control,20,34.76
135,3,Control,21,35.48
135,3,Control,22,30.61
135,3,Control,23,29.11
135,3,Control,24,33.94
135,3,Control,25,32.27
135,3,Control,26,28.26
135,3,Control,27,30.5
135,3,Control,28,27.04
135,3,Control,29,29.68
135,3,Control,30,34.57
135,3,Control,31,27.6
135,3,Control,32,27.93
135,3,Control,33,32.42
135,3,Control,34,35.64
135,3,Control,35,28.95
135,3,Control,36,26.94
135,3,Control,37,34.27
135,3,Control,38,29.36
135,3,Control,39,35.46
135,3,Control,40,33.07
135,3,Control,41,32.54
135,3,Control,42,29.17
135,3,Control,43,33.56
135,3,Control,44,27.03
135,3,Control,45,33.03
135,3,Control,46,37.56
135,3,Control,47,31.39
135,3,Control,48,34.88
135,3,Control,49,31.25
135,3,Control,50,34.81
135,3,Control,51,29.37
135,3,Control,52,31.41
136,3,Aditivo,1,34.72
136,3,Aditivo,2,37.95
136,3,Aditivo,3,34.2
136,3,Aditivo,4,33.25
136,3,Aditivo,5,27.77
136,3,Aditivo,6,32.27
136,3,Aditivo,7,31.57
136,3,Aditivo,8,34.21
136,3,Aditivo,9,26.48
136,3,Aditivo,10,33.22
136,3,Aditivo,11,33.49
136,3,Aditivo,12,32.1
136,3,Aditivo,13,33.51
136,3,Aditivo,14,36.65
136,3,Aditivo,15,37.13
136,3,Aditivo,16,28.04
136,3,Aditivo,17,34.59
136,3,Aditivo,18,31.91
136,3,Aditivo,19,32.37
136,3,Aditivo,20,34.25
136,3,Aditivo,21,32.87
136,3,Aditivo,22,33.4
136,3,Aditivo,23,29.31
136,3,Aditivo,24,39.49
136,3,Aditivo,25,38.43
136,3,Aditivo,26,35.25
136,3,Aditivo,27,32.16
136,3,Aditivo,28,34.31
136,3,Aditivo,29,39.62
136,3,Aditivo,30,31.79
136,3,Aditivo,31,31.88
136,3,Aditivo,32,33.82
136,3,Aditivo,33,35.27
136,3,Aditivo,34,32.2
136,3,Aditivo,35,37.03
136,3,Aditivo,36,35.67
136,3,Aditivo,37,34.59
136,3,Aditivo,38,27.16
136,3,Aditivo,39,34.17
136,3,Aditivo,40,36.73
136,3,Aditivo,41,33.53
136,3,Aditivo,42,33.32
136,3,Aditivo,43,35.58
136,3,Aditivo,44,41.08
136,3,Aditivo,45,33.03
136,3,Aditivo,46,33.2
136,3,Aditivo,47,34.65
136,3,Aditivo,48,29.01
136,3,Aditivo,49,31.83
136,3,Aditivo,50,39.49
136,3,Aditivo,51,38.03
136,3,Aditivo,52,35.1
137,5,Control,1,34.31
137,5,Control,2,27.72
137,5,Control,3,28.1
137,5,Control,4,25.69
137,5,Control,5,28.36
137,5,Control,6,27.76
137,5,Control,7,29.19
137,5,Control,8,26.04
137,5,Control,9,29.69
137,5,Control,10,26.56
137,5,Control,11,27.47
137,5,Control,12,31.63
137,5,Control,13,30.45
137,5,Control,14,32.62
137,5,Control,15,28.01
137,5,Control,16,30.77
137,5,Control,17,37.2
137,5,Control,18,29.46
137,5,Control,19,31.9
137,5,Control,20,33.8
137,5,Control,21,30.84
137,5,Control,22,28.71
137,5,Control,23,32.76
137,5,Control,24,29.56
137,5,Control,25,30.18
137,5,Control,26,25.71
137,5,Control,27,29.69
137,5,Control,28,33.88
137,5,Control,29,39.41
137,5,Control,30,30.71
137,5,Control,31,29.23
137,5,Control,32,27.07
137,5,Control,33,29.48
137,5,Control,34,33.41
137,5,Control,35,33.94
137,5,Control,36,23.94
137,5,Control,37,29.22
137,5,Control,38,35.62
137,5,Control,39,30.31
137,5,Control,40,28.7
137,5,Control,41,38.05
137,5,Control,42,30.09
137,5,Control,43,34.93
137,5,Control,44,30.22
137,5,Control,45,31.96
137,5,Control,46,33.69
137,5,Control,47,34.13
137,5,Control,48,33.59
137,5,Control,49,32.82
137,5,Control,50,30.37
137,5,Control,51,39.34
137,5,Control,52,26.1
138,5,Control,1,26.99
138,5,Control,2,29.62
138,5,Control,3,27.21
138,5,Control,4,29.79
138,5,Control,5,27.08
138,5,Control,6,27.62
138,5,Control,7,28.09
138,5,Control,8,30.13
138,5,Control,9,34.82
138,5,Control,10,27.1
138,5,Control,11,26.28
138,5,Control,12,32.43
138,5,Control,13,27.91
138,5,Control,14,30.08
138,5,Control,15,28.28
138,5,Control,16,29.21
138,5,Control,17,33.89
138,5,Control,18,30.58
138,5,Control,19,27.78
138,5,Control,20,31.03
138,5,Control,21,28.5
138,5,Control,22,27.8
138,5,Control,23,33.9
138,5,Control,24,31.53
138,5,Control,25,30.35
138,5,Control,26,31.52
138,5,Control,27,26.44
138,5,Control,28,35.03
138,5,Control,29,30.22
138,5,Control,30,32.14
138,5,Control,31,33.34
138,5,Control,32,33.34
138,5,Control,33,29.87
138,5,Control,34,30.27
138,5,Control,35,35.9
138,5,Control,36,35.67
138,5,Control,37,32.91
138,5,Control,38,26.53
138,5,Control,39,31.98
138,5,Control,40,35.11
138,5,Control,41,32.87
138,5,Control,42,28.47
138,5,Control,43,33.76
138,5,Control,44,33.86
138,5,Control,45,33.19
138,5,Control,46,27.34
138,5,Control,47,26.0
138,5,Control,48,38.29
138,5,Control,49,32.15
138,5,Control,50,33.77
138,5,Control,51,35.16
138,5,Control,52,28.66
139,1,Control,1,30.59
139,1,Control,2,27.61
139,1,Control,3,32.42
139,1,Control,4,32.03
139,1,Control,5,31.79
139,1,Control,6,28.03
139,1,Control,7,28.32
139,1,Control,8,26.5
139,1,Control,9,23.85
139,1,Control,10,28.9
139,1,Control,11,31.21
139,1,Control,12,29.19
139,1,Control,13,34.01
139,1,Control,14,26.83
139,1,Control,15,34.7
139,1,Control,16,33.31
139,1,Control,17,27.11
139,1,Control,18,38.64
139,1,Control,19,30.26
139,1,Control,20,27.98
139,1,Control,21,28.16
139,1,Control,22,29.67
139,1,Control,23,30.06
139,1,Control,24,29.45
139,1,Control,25,32.13
139,1,Control,26,35.03
139,1,Control,27,29.34
139,1,Control,28,32.21
139,1,Control,29,34.7
139,1,Control,30,29.97
139,1,Control,31,29.45
139,1,Control,32,32.11
139,1,Control,33,22.05
139,1,Control,34,31.5
139,1,Control,35,37.85
139,1,Control,36,30.47
139,1,Control,37,36.83
139,1,Control,38,33.13
139,1,Control,39,31.27
139,1,Control,40,32.69
139,1,Control,41,33.39
139,1,Control,42,30.2
139,1,Control,43,27.77
139,1,Control,44,31.38
139,1,Control,45,30.15
139,1,Control,46,34.14
139,1,Control,47,34.39
139,1,Control,48,31.07
139,1,Control,49,34.02
139,1,Control,50,33.76
139,1,Control,51,25.83
139,1,Control,52,35.5
140,4,Control,1,34.38
140,4,Control,2,26.32
140,4,Control,3,30.51
140,4,Control,4,31.57
140,4,Control,5,30.64
140,4,Control,6,30.59
140,4,Control,7,30.46
140,4,Control,8,29.78
140,4,Control,9,27.17
140,4,Control,10,29.49
140,4,Control,11,31.58
140,4,Control,12,30.26
140,4,Control,13,30.97
140,4,Control,14,31.89
140,4,Control,15,22.36
140,4,Control,16,30.29
140,4,Control,17,27.86
140,4,Control,18,29.96
140,4,Control,19,31.98
140,4,Control,20,35.59
140,4,Control,21,33.92
140,4,Control,22,30.1
140,4,Control,23,32.39
140,4,Control,24,31.87
140,4,Control,25,33.05
140,4,Control,26,36.21
140,4,Control,27,30.72
140,4,Control,28,37.89
140,4,Control,29,32.41
140,4,Control,30,24.59
140,4,Control,31,32.47
140,4,Control,32,30.94
140,4,Control,33,31.02
140,4,Control,34,33.73
140,4,Control,35,28.72
140,4,Control,36,29.76
140,4,Control,37,34.89
140,4,Control,38,27.44
140,4,Control,39,36.03
140,4,Control,40,31.44
140,4,Control,41,38.82
140,4,Control,42,33.51
140,4,Control,43,33.91
140,4,Control,44,37.53
140,4,Control,45,30.69
140,4,Control,46,30.45
140,4,Control,47,32.38
140,4,Control,48,34.01
140,4,Control,49,35.3
140,4,Control,50,37.45
140,4,Control,51,31.44
140,4,Control,52,35.04
141,4,Aditivo,1,35.8
141,4,Aditivo,2,30.65
141,4,Aditivo,3,33.39
141,4,Aditivo,4,32.66
141,4,Aditivo,5,29.85
141,4,Aditivo,6,35.98
141,4,Aditivo,7,25.27
141,4,Aditivo,8,27.0
141,4,Aditivo,9,36.88
141,4,Aditivo,10,31.3
141,4,Aditivo,11,35.08
141,4,Aditivo,12,31.45
141,4,Aditivo,13,30.57
141,4,Aditivo,14,33.85
141,4,Aditivo,15,29.65
141,4,Aditivo,16,33.21
141,4,Aditivo,17,32.0
141,4,Aditivo,18,31.73
141,4,Aditivo,19,40.41
141,4,Aditivo,20,36.28
141,4,Aditivo,21,36.14
141,4,Aditivo,22,37.8
141,4,Aditivo,23,32.34
141,4,Aditivo,24,32.52
141,4,Aditivo,25,32.99
141,4,Aditivo,26,34.95
141,4,Aditivo,27,32.42
141,4,Aditivo,28,31.79
141,4,Aditivo,29,30.49
141,4,Aditivo,30,33.11
141,4,Aditivo,31,32.4
141,4,Aditivo,32,29.52
141,4,Aditivo,33,32.66
141,4,Aditivo,34,36.02
141,4,Aditivo,35,29.28
141,4,Aditivo,36,33.93
141,4,Aditivo,37,33.46
141,4,Aditivo,38,31.87
141,4,Aditivo,39,33.82
141,4,Aditivo,40,33.57
141,4,Aditivo,41,33.79
141,4,Aditivo,42,32.32
141,4,Aditivo,43,38.47
141,4,Aditivo,44,31.41
141,4,Aditivo,45,34.04
141,4,Aditivo,46,37.23
141,4,Aditivo,47,33.91
141,4,Aditivo,48,35.02
141,4,Aditivo,49,35.8
141,4,Aditivo,50,33.51
141,4,Aditivo,51,32.18
141,4,Aditivo,52,35.25
142,5,Aditivo,1,28.02
142,5,Aditivo,2,30.21
142,5,Aditivo,3,29.98
142,5,Aditivo,4,34.05
142,5,Aditivo,5,31.79
142,5,Aditivo,6,34.23
142,5,Aditivo,7,27.76
142,5,Aditivo,8,34.87
142,5,Aditivo,9,34.46
142,5,Aditivo,10,37.09
142,5,Aditivo,11,39.47
142,5,Aditivo,12,37.0
142,5,Aditivo,13,40.13
142,5,Aditivo,14,32.12
142,5,Aditivo,15,37.67
142,5,Aditivo,16,36.42
142,5,Aditivo,17,30.05
142,5,Aditivo,18,31.16
142,5,Aditivo,19,31.87
142,5,Aditivo,20,31.84
142,5,Aditivo,21,32.42
142,5,Aditivo,22,33.05
142,5,Aditivo,23,37.1
142,5,Aditivo,24,31.29
142,5,Aditivo,25,34.47
142,5,Aditivo,26,29.0
142,5,Aditivo,27,33.97
142,5,Aditivo,28,37.63
142,5,Aditivo,29,31.92
142,5,Aditivo,30,34.24
142,5,Aditivo,31,32.46
142,5,Aditivo,32,30.64
142,5,Aditivo,33,30.17
142,5,Aditivo,34,33.04
142,5,Aditivo,35,32.53
142,5,Aditivo,36,31.76
142,5,Aditivo,37,35.81
142,5,Aditivo,38,34.99
142,5,Aditivo,39,35.73
142,5,Aditivo,40,32.34
142,5,Aditivo,41,34.9
142,5,Aditivo,42,35.78
142,5,Aditivo,43,41.31
142,5,Aditivo,44,37.96
142,5,Aditivo,45,36.82
142,5,Aditivo,46,32.74
142,5,Aditivo,47,33.5
142,5,Aditivo,48,37.81
142,5,Aditivo,49,30.87
142,5,Aditivo,50,38.9
142,5,Aditivo,51,39.03
142,5,Aditivo,52,32.1
143,1,Control,1,30.18
143,1,Control,2,35.08
143,1,Control,3,26.4
143,1,Control,4,30.37
143,1,Control,5,27.56
143,1,Control,6,27.89
143,1,Control,7,31.88
143,1,Control,8,33.3
143,1,Control,9,30.32
143,1,Control,10,28.22
143,1,Control,11,27.17
143,1,Control,12,29.73
143,1,Control,13,30.09
143,1,Control,14,33.13
143,1,Control,15,26.92
143,1,Control,16,36.4
143,1,Control,17,39.36
143,1,Control,18,31.43
143,1,Control,19,31.61
143,1,Control,20,31.71
143,1,Control,21,32.8
143,1,Control,22,28.52
143,1,Control,23,31.63
143,1,Control,24,30.75
143,1,Control,25,29.98
143,1,Control,26,34.28
143,1,Control,27,28.94
143,1,Control,28,34.27
143,1,Control,29,32.69
143,1,Control,30,34.6
143,1,Control,31,31.23
143,1,Control,32,30.34
143,1,Control,33,31.46
143,1,Control,34,34.63
143,1,Control,35,36.14
143,1,Control,36,34.37
143,1,Control,37,25.56
143,1,Control,38,35.26
143,1,Control,39,32.06
143,1,Control,40,32.11
143,1,Control,41,24.8
143,1,Control,42,30.01
143,1,Control,43,34.18
143,1,Control,44,28.92
143,1,Control,45,24.59
143,1,Control,46,32.04
143,1,Control,47,29.19
143,1,Control,48,33.95
143,1,Control,49,35.25
143,1,Control,50,32.89
143,1,Control,51,31.76
143,1,Control,52,30.81
144,3,Control,1,33.2
144,3,Control,2,30.5
144,3,Control,3,33.65
144,3,Control,4,30.73
144,3,Control,5,28.64
144,3,Control,6,31.74
144,3,Control,7,32.39
144,3,Control,8,32.98
144,3,Control,9,35.72
144,3,Control,10,31.29
144,3,Control,11,30.43
144,3,Control,12,26.27
144,3,Control,13,29.63
144,3,Control,14,29.45
144,3,Control,15,26.95
144,3,Control,16,28.81
144,3,Control,17,25.36
144,3,Control,18,32.67
144,3,Control,19,28.53
144,3,Control,20,26.89
144,3,Control,21,30.16
144,3,Control,22,30.47
144,3,Control,23,34.07
144,3,Control,24,32.71
144,3,Control,25,41.4
144,3,Control,26,31.62
144,3,Control,27,29.47
144,3,Control,28,30.45
144,3,Control,29,29.28
144,3,Control,30,27.58
144,3,Control,31,27.92
144,3,Control,32,30.97
144,3,Control,33,27.2
144,3,Control,34,31.6
144,3,Control,35,29.03
144,3,Control,36,34.59
144,3,Control,37,32.43
144,3,Control,38,31.26
144,3,Control,39,29.55
144,3,Control,40,34.07
144,3,Control,41,30.08
144,3,Control,42,34.52
144,3,Control,43,36.53
144,3,Control,44,34.29
144,3,Control,45,34.72
144,3,Control,46,33.94
144,3,Control,47,36.76
144,3,Control,48,25.15
144,3,Control,49,30.32
144,3,Control,50,28.96
144,3,Control,51,28.77
144,3,Control,52,33.73
145,1,Control,1,33.98
145,1,Control,2,30.39
145,1,Control,3,28.8
145,1,Control,4,31.52
145,1,Control,5,32.14
145,1,Control,6,31.87
145,1,Control,7,28.16
145,1,Control,8,31.09
145,1,Control,9,31.19
145,1,Control,10,32.32
145,1,Control,11,28.39
145,1,Control,12,31.02
145,1,Control,13,27.41
145,1,Control,14,22.56
145,1,Control,15,26.77
145,1,Control,16,27.77
145,1,Control,17,29.11
145,1,Control,18,32.85
145,1,Control,19,31.15
145,1,Control,20,22.45
145,1,Control,21,31.81
145,1,Control,22,34.78
145,1,Control,23,24.49
145,1,Control,24,31.6
145,1,Control,25,35.31
145,1,Control,26,27.09
145,1,Control,27,32.46
145,1,Control,28,31.58
145,1,Control,29,32.62
145,1,Control,30,33.45
145,1,Control,31,33.01
145,1,Control,32,28.63
145,1,Control,33,35.83
145,1,Control,34,40.24
145,1,Control,35,33.15
145,1,Control,36,32.34
145,1,Control,37,34.79
145,1,Control,38,32.97
145,1,Control,39,39.09
145,1,Control,40,31.88
145,1,Control,41,35.31
145,1,Control,42,33.2
145,1,Control,43,32.36
145,1,Control,44,33.15
145,1,Control,45,31.41
145,1,Control,46,34.78
145,1,Control,47,30.01
145,1,Control,48,32.13
145,1,Control,49,31.82
145,1,Control,50,34.42
145,1,Control,51,32.1
145,1,Control,52,29.33
146,2,Aditivo,1,35.98
146,2,Aditivo,2,31.69
146,2,Aditivo,3,26.94
146,2,Aditivo,4,33.4
146,2,Aditivo,5,33.17
146,2,Aditivo,6,31.62
146,2,Aditivo,7,35.62
146,2,Aditivo,8,33.63
146,2,Aditivo,9,30.91
146,2,Aditivo,10,33.53
146,2,Aditivo,11,37.72
146,2,Aditivo,12,33.25
146,2,Aditivo,13,31.98
146,2,Aditivo,14,36.03
146,2,Aditivo,15,27.84
146,2,Aditivo,16,31.58
146,2,Aditivo,17,33.71
146,2,Aditivo,18,30.32
146,2,Aditivo,19,33.02
146,2,Aditivo,20,36.17
146,2,Aditivo,21,36.74
146,2,Aditivo,22,39.26
146,2,Aditivo,23,30.1
146,2,Aditivo,24,34.85
146,2,Aditivo,25,34.82
146,2,Aditivo,26,34.07
146,2,Aditivo,27,28.77
146,2,Aditivo,28,38.84
146,2,Aditivo,29,31.71
146,2,Aditivo,30,33.14
146,2,Aditivo,31,36.9
146,2,Aditivo,32,28.85
146,2,Aditivo,33,25.78
146,2,Aditivo,34,33.49
146,2,Aditivo,35,34.35
146,2,Aditivo,36,32.15
146,2,Aditivo,37,40.16
146,2,Aditivo,38,32.59
146,2,Aditivo,39,34.61
146,2,Aditivo,40,36.36
146,2,Aditivo,41,32.85
146,2,Aditivo,42,34.82
146,2,Aditivo,43,29.53
146,2,Aditivo,44,34.95
146,2,Aditivo,45,31.82
146,2,Aditivo,46,31.97
146,2,Aditivo,47,33.78
146,2,Aditivo,48,37.83
146,2,Aditivo,49,41.17
146,2,Aditivo,50,32.43
146,2,Aditivo,51,33.79
146,2,Aditivo,52,31.71
147,2,Control,1,26.75
147,2,Control,2,35.41
147,2,Control,3,32.67
147,2,Control,4,30.93
147,2,Control,5,32.89
147,2,Control,6,30.96
147,2,Control,7,28.67
147,2,Control,8,26.78
147,2,Control,9,29.27
147,2,Control,10,25.71
147,2,Control,11,28.45
147,2,Control,12,35.05
147,2,Control,13,29.3
147,2,Control,14,31.92
147,2,Control,15,27.93
147,2,Control,16,30.23
147,2,Control,17,31.08
147,2,Control,18,28.46
147,2,Control,19,36.17
147,2,Control,20,32.55
147,2,Control,21,32.7
147,2,Control,22,32.95
147,2,Control,23,29.65
147,2,Control,24,30.45
147,2,Control,25,29.25
147,2,Control,26,36.86
147,2,Control,27,31.64
147,2,Control,28,30.71
147,2,Control,29,31.84
147,2,Control,30,29.91
147,2,Control,31,29.83
147,2,Control,32,28.92
147,2,Control,33,30.35
147,2,Control,34,30.85
147,2,Control,35,35.32
147,2,Control,36,32.21
147,2,Control,37,30.71
147,2,Control,38,36.23
147,2,Control,39,35.6
147,2,Control,40,34.96
147,2,Control,41,35.81
147,2,Control,42,33.31
147,2,Control,43,40.53
147,2,Control,44,35.22
147,2,Control,45,37.66
147,2,Control,46,34.6
147,2,Control,47,33.81
147,2,Control,48,30.89
147,2,Control,49,30.84
147,2,Control,50,28.29
147,2,Control,51,31.43
147,2,Control,52,34.24
148,3,Aditivo,1,33.23
148,3,Aditivo,2,31.52
148,3,Aditivo,3,32.14
148,3,Aditivo,4,34.65
148,3,Aditivo,5,27.36
148,3,Aditivo,6,31.3
148,3,Aditivo,7,30.55
148,3,Aditivo,8,34.15
148,3,Aditivo,9,32.41
148,3,Aditivo,10,33.16
148,3,Aditivo,11,27.37
148,3,Aditivo,12,31.21
148,3,Aditivo,13,30.69
148,3,Aditivo,14,31.41
148,3,Aditivo,15,26.01
148,3,Aditivo,16,33.89
148,3,Aditivo,17,34.28
148,3,Aditivo,18,27.13
148,3,Aditivo,19,30.01
148,3,Aditivo,20,28.52
148,3,Aditivo,21,33.61
148,3,Aditivo,22,34.5
148,3,Aditivo,23,29.9
148,3,Aditivo,24,33.35
148,3,Aditivo,25,25.66
148,3,Aditivo,26,37.56
148,3,Aditivo,27,33.72
148,3,Aditivo,28,32.06
148,3,Aditivo,29,39.16
148,3,Aditivo,30,34.65
148,3,Aditivo,31,34.25
148,3,Aditivo,32,28.61
148,3,Aditivo,33,31.71
148,3,Aditivo,34,36.0
148,3,Aditivo,35,31.4
148,3,Aditivo,36,38.03
148,3,Aditivo,37,39.48
148,3,Aditivo,38,34.68
148,3,Aditivo,39,35.61
148,3,Aditivo,40,32.39
148,3,Aditivo,41,35.02
148,3,Aditivo,42,34.48
148,3,Aditivo,43,34.17
148,3,Aditivo,44,35.35
148,3,Aditivo,45,34.15
148,3,Aditivo,46,37.22
148,3,Aditivo,47,30.87
148,3,Aditivo,48,37.43
148,3,Aditivo,49,26.77
148,3,Aditivo,50,29.23
148,3,Aditivo,51,32.89
148,3,Aditivo,52,29.16
149,1,Aditivo,1,34.71
149,1,Aditivo,2,27.19
149,1,Aditivo,3,37.98
149,1,Aditivo,4,31.22
149,1,Aditivo,5,31.64
149,1,Aditivo,6,32.92
149,1,Aditivo,7,33.44
149,1,Aditivo,8,27.54
149,1,Aditivo,9,31.33
149,1,Aditivo,10,32.55
149,1,Aditivo,11,34.82
149,1,Aditivo,12,32.61
149,1,Aditivo,13,33.83
149,1,Aditivo,14,33.17
149,1,Aditivo,15,35.51
149,1,Aditivo,16,31.79
149,1,Aditivo,17,37.06
149,1,Aditivo,18,29.96
149,1,Aditivo,19,37.08
149,1,Aditivo,20,32.65
149,1,Aditivo,21,32.07
149,1,Aditivo,22,33.07
149,1,Aditivo,23,33.78
149,1,Aditivo,24,31.82
149,1,Aditivo,25,32.23
149,1,Aditivo,26,34.77
149,1,Aditivo,27,29.81
149,1,Aditivo,28,33.26
149,1,Aditivo,29,31.76
149,1,Aditivo,30,33.98
149,1,Aditivo,31,35.5
149,1,Aditivo,32,35.51
149,1,Aditivo,33,34.71
149,1,Aditivo,34,35.19
149,1,Aditivo,35,35.84
149,1,Aditivo,36,37.82
149,1,Aditivo,37,30.34
149,1,Aditivo,38,36.14
149,1,Aditivo,39,32.43
149,1,Aditivo,40,32.93
149,1,Aditivo,41,29.31
149,1,Aditivo,42,30.54
149,1,Aditivo,43,34.87
149,1,Aditivo,44,30.47
149,1,Aditivo,45,30.95
149,1,Aditivo,46,33.93
149,1,Aditivo,47,36.49
149,1,Aditivo,48,33.93
149,1,Aditivo,49,28.54
149,1,Aditivo,50,33.98
149,1,Aditivo,51,34.78
149,1,Aditivo,52,38.61
150,3,Aditivo,1,22.63
150,3,Aditivo,2,31.93
150,3,Aditivo,3,32.78
150,3,Aditivo,4,33.17
150,3,Aditivo,5,33.15
150,3,Aditivo,6,39.55
150,3,Aditivo,7,29.93
150,3,Aditivo,8,29.69
150,3,Aditivo,9,34.9
150,3,Aditivo,10,35.42
150,3,Aditivo,11,31.16
150,3,Aditivo,12,29.99
150,3,Aditivo,13,32.72
150,3,Aditivo,14,33.26
150,3,Aditivo,15,35.0
150,3,Aditivo,16,33.17
150,3,Aditivo,17,34.33
150,3,Aditivo,18,35.72
150,3,Aditivo,19,32.37
150,3,Aditivo,20,33.22
150,3,Aditivo,21,27.76
150,3,Aditivo,22,30.71
150,3,Aditivo,23,35.99
150,3,Aditivo,24,35.87
150,3,Aditivo,25,35.01
150,3,Aditivo,26,33.47
150,3,Aditivo,27,26.95
150,3,Aditivo,28,33.23
150,3,Aditivo,29,30.75
150,3,Aditivo,30,36.65
150,3,Aditivo,31,32.89
150,3,Aditivo,32,28.49
150,3,Aditivo,33,32.56
150,3,Aditivo,34,34.1
150,3,Aditivo,35,31.77
150,3,Aditivo,36,34.08
150,3,Aditivo,37,32.97
150,3,Aditivo,38,35.74
150,3,Aditivo,39,34.75
150,3,Aditivo,40,30.87
150,3,Aditivo,41,32.63
150,3,Aditivo,42,35.79
150,3,Aditivo,43,35.56
150,3,Aditivo,44,36.66
150,3,Aditivo,45,35.05
150,3,Aditivo,46,37.28
150,3,Aditivo,47,36.43
150,3,Aditivo,48,31.52
150,3,Aditivo,49,33.05
150,3,Aditivo,50,33.73
150,3,Aditivo,51,30.7
150,3,Aditivo,52,34.56
151,5,Control,1,31.18
151,5,Control,2,25.47
151,5,Control,3,30.94
151,5,Control,4,31.58
151,5,Control,5,27.31
151,5,Control,6,27.32
151,5,Control,7,27.66
151,5,Control,8,26.89
151,5,Control,9,30.73
151,5,Control,10,28.9
151,5,Control,11,27.9
151,5,Control,12,31.1
151,5,Control,13,26.5
151,5,Control,14,31.48
151,5,Control,15,34.58
151,5,Control,16,37.76
151,5,Control,17,28.22
151,5,Control,18,28.25
151,5,Control,19,26.92
151,5,Control,20,36.04
151,5,Control,21,36.47
151,5,Control,22,36.1
151,5,Control,23,29.22
151,5,Control,24,36.4
151,5,Control,25,30.52
151,5,Control,26,26.0
151,5,Control,27,25.97
151,5,Control,28,32.95
151,5,Control,29,27.05
151,5,Control,30,34.07
151,5,Control,31,34.63
151,5,Control,32,37.04
151,5,Control,33,30.27
151,5,Control,34,28.97
151,5,Control,35,29.41
151,5,Control,36,31.48
151,5,Control,37,29.88
151,5,Control,38,31.41
151,5,Control,39,35.36
151,5,Control,40,31.42
151,5,Control,41,29.4
151,5,Control,42,32.2
151,5,Control,43,28.54
151,5,Control,44,32.12
151,5,Control,45,36.17
151,5,Control,46,30.21
151,5,Control,47,29.79
151,5,Control,48,31.85
151,5,Control,49,38.81
151,5,Control,50,32.4
151,5,Control,51,28.82
151,5,Control,52,34.37
152,3,Aditivo,1,28.53
152,3,Aditivo,2,33.2
152,3,Aditivo,3,28.31
152,3,Aditivo,4,37.77
152,3,Aditivo,5,30.52
152,3,Aditivo,6,28.97
152,3,Aditivo,7,30.41
152,3,Aditivo,8,33.63
152,3,Aditivo,9,34.9
152,3,Aditivo,10,34.76
152,3,Aditivo,11,30.16
152,3,Aditivo,12,33.03
152,3,Aditivo,13,36.28
152,3,Aditivo,14,36.92
152,3,Aditivo,15,36.86
152,3,Aditivo,16,33.17
152,3,Aditivo,17,34.3
152,3,Aditivo,18,30.64
152,3,Aditivo,19,35.9
152,3,Aditivo,20,36.41
152,3,Aditivo,21,33.99
152,3,Aditivo,22,35.86
152,3,Aditivo,23,36.28
152,3,Aditivo,24,34.76
152,3,Aditivo,25,32.17
152,3,Aditivo,26,32.31
152,3,Aditivo,27,34.14
152,3,Aditivo,28,37.34
152,3,Aditivo,29,30.8
152,3,Aditivo,30,32.51
152,3,Aditivo,31,33.79
152,3,Aditivo,32,33.29
152,3,Aditivo,33,33.09
152,3,Aditivo,34,32.76
152,3,Aditivo,35,37.49
152,3,Aditivo,36,35.62
152,3,Aditivo,37,37.3
152,3,Aditivo,38,34.83
152,3,Aditivo,39,39.36
152,3,Aditivo,40,35.75
152,3,Aditivo,41,32.48
152,3,Aditivo,42,31.13
152,3,Aditivo,43,31.32
152,3,Aditivo,44,34.16
152,3,Aditivo,45,35.73
152,3,Aditivo,46,35.64
152,3,Aditivo,47,34.25
152,3,Aditivo,48,31.29
152,3,Aditivo,49,33.16
152,3,Aditivo,50,36.85
152,3,Aditivo,51,32.92
152,3,Aditivo,52,32.58
153,2,Aditivo,1,30.29
153,2,Aditivo,2,30.16
153,2,Aditivo,3,28.64
153,2,Aditivo,4,40.37
153,2,Aditivo,5,30.28
153,2,Aditivo,6,33.1
153,2,Aditivo,7,28.63
153,2,Aditivo,8,32.12
153,2,Aditivo,9,29.63
153,2,Aditivo,10,30.41
153,2,Aditivo,11,30.46
153,2,Aditivo,12,33.32
153,2,Aditivo,13,30.58
153,2,Aditivo,14,37.45
153,2,Aditivo,15,33.13
153,2,Aditivo,16,27.13
153,2,Aditivo,17,33.97
153,2,Aditivo,18,38.52
153,2,Aditivo,19,33.83
153,2,Aditivo,20,34.5
153,2,Aditivo,21,32.17
153,2,Aditivo,22,34.96
153,2,Aditivo,23,36.07
153,2,Aditivo,24,33.92
153,2,Aditivo,25,37.24
153,2,Aditivo,26,37.22
153,2,Aditivo,27,34.7
153,2,Aditivo,28,30.9
153,2,Aditivo,29,31.93
153,2,Aditivo,30,34.33
153,2,Aditivo,31,33.18
153,2,Aditivo,32,31.09
153,2,Aditivo,33,36.23
153,2,Aditivo,34,32.33
153,2,Aditivo,35,30.65
153,2,Aditivo,36,35.31
153,2,Aditivo,37,31.98
153,2,Aditivo,38,31.04
153,2,Aditivo,39,34.24
153,2,Aditivo,40,42.44
153,2,Aditivo,41,32.54
153,2,Aditivo,42,34.03
153,2,Aditivo,43,33.0
153,2,Aditivo,44,34.3
153,2,Aditivo,45,30.01
153,2,Aditivo,46,33.48
153,2,Aditivo,47,37.45
153,2,Aditivo,48,30.44
153,2,Aditivo,49,38.93
153,2,Aditivo,50,29.37
153,2,Aditivo,51,37.24
153,2,Aditivo,52,37.53
154,4,Aditivo,1,32.42
154,4,Aditivo,2,40.64
154,4,Aditivo,3,33.64
154,4,Aditivo,4,31.02
154,4,Aditivo,5,33.35
154,4,Aditivo,6,35.65
154,4,Aditivo,7,31.39
154,4,Aditivo,8,27.38
154,4,Aditivo,9,30.67
154,4,Aditivo,10,25.69
154,4,Aditivo,11,36.21
154,4,Aditivo,12,32.92
154,4,Aditivo,13,29.35
154,4,Aditivo,14,38.03
154,4,Aditivo,15,32.04
154,4,Aditivo,16,29.21
154,4,Aditivo,17,32.76
154,4,Aditivo,18,30.03
154,4,Aditivo,19,37.56
154,4,Aditivo,20,35.2
154,4,Aditivo,21,32.11
154,4,Aditivo,22,30.59
154,4,Aditivo,23,34.91
154,4,Aditivo,24,35.96
154,4,Aditivo,25,30.9
154,4,Aditivo,26,35.67
154,4,Aditivo,27,36.49
154,4,Aditivo,28,38.19
154,4,Aditivo,29,37.4
154,4,Aditivo,30,32.13
154,4,Aditivo,31,34.84
154,4,Aditivo,32,37.48
154,4,Aditivo,33,37.0
154,4,Aditivo,34,34.59
154,4,Aditivo,35,31.89
154,4,Aditivo,36,34.15
154,4,Aditivo,37,29.29
154,4,Aditivo,38,33.42
154,4,Aditivo,39,32.31
154,4,Aditivo,40,34.68
154,4,Aditivo,41,33.15
154,4,Aditivo,42,27.36
154,4,Aditivo,43,30.67
154,4,Aditivo,44,35.03
154,4,Aditivo,45,35.44
154,4,Aditivo,46,40.78
154,4,Aditivo,47,35.44
154,4,Aditivo,48,36.64
154,4,Aditivo,49,35.29
154,4,Aditivo,50,37.04
154,4,Aditivo,51,37.79
154,4,Aditivo,52,34.98
155,1,Aditivo,1,36.95
155,1,Aditivo,2,37.56
155,1,Aditivo,3,27.77
155,1,Aditivo,4,30.33
155,1,Aditivo,5,28.66
155,1,Aditivo,6,32.29
155,1,Aditivo,7,34.47
155,1,Aditivo,8,26.24
155,1,Aditivo,9,31.51
155,1,Aditivo,10,35.72
155,1,Aditivo,11,30.88
155,1,Aditivo,12,32.86
155,1,Aditivo,13,34.68
155,1,Aditivo,14,22.51
155,1,Aditivo,15,33.39
155,1,Aditivo,16,29.57
155,1,Aditivo,17,29.98
155,1,Aditivo,18,28.23
155,1,Aditivo,19,29.93
155,1,Aditivo,20,32.29
155,1,Aditivo,21,31.67
155,1,Aditivo,22,35.44
155,1,Aditivo,23,36.49
155,1,Aditivo,24,35.41
155,1,Aditivo,25,31.26
155,1,Aditivo,26,32.66
155,1,Aditivo,27,38.62
155,1,Aditivo,28,30.31
155,1,Aditivo,29,34.69
155,1,Aditivo,30,29.88
155,1,Aditivo,31,38.64
155,1,Aditivo,32,33.62
155,1,Aditivo,33,36.6
155,1,Aditivo,34,34.81
155,1,Aditivo,35,31.52
155,1,Aditivo,36,33.75
155,1,Aditivo,37,35.7
155,1,Aditivo,38,28.22
155,1,Aditivo,39,34.53
155,1,Aditivo,40,37.69
155,1,Aditivo,41,29.07
155,1,Aditivo,42,37.5
155,1,Aditivo,43,31.48
155,1,Aditivo,44,27.62
155,1,Aditivo,45,38.39
155,1,Aditivo,46,39.31
155,1,Aditivo,47,30.68
155,1,Aditivo,48,38.35
155,1,Aditivo,49,37.22
155,1,Aditivo,50,34.98
155,1,Aditivo,51,36.14
155,1,Aditivo,52,37.3
156,4,Aditivo,1,34.63
156,4,Aditivo,2,31.24
156,4,Aditivo,3,34.32
156,4,Aditivo,4,37.14
156,4,Aditivo,5,33.75
156,4,Aditivo,6,30.21
156,4,Aditivo,7,34.71
156,4,Aditivo,8,30.01
156,4,Aditivo,9,25.5
156,4,Aditivo,10,37.8
156,4,Aditivo,11,33.11
156,4,Aditivo,12,30.34
156,4,Aditivo,13,30.41
156,4,Aditivo,14,29.83
156,4,Aditivo,15,31.49
156,4,Aditivo,16,34.49
156,4,Aditivo,17,31.45
156,4,Aditivo,18,30.15
156,4,Aditivo,19,31.82
156,4,Aditivo,20,34.28
156,4,Aditivo,21,35.3
156,4,Aditivo,22,27.31
156,4,Aditivo,23,34.28
156,4,Aditivo,24,33.69
156,4,Aditivo,25,33.38
156,4,Aditivo,26,36.48
156,4,Aditivo,27,31.07
156,4,Aditivo,28,31.4
156,4,Aditivo,29,30.74
156,4,Aditivo,30,30.18
156,4,Aditivo,31,38.37
156,4,Aditivo,32,38.01
156,4,Aditivo,33,39.87
156,4,Aditivo,34,33.64
156,4,Aditivo,35,35.86
156,4,Aditivo,36,27.73
156,4,Aditivo,37,36.57
156,4,Aditivo,38,37.76
156,4,Aditivo,39,36.37
156,4,Aditivo,40,31.77
156,4,Aditivo,41,31.64
156,4,Aditivo,42,32.38
156,4,Aditivo,43,32.06
156,4,Aditivo,44,40.09
156,4,Aditivo,45,36.67
156,4,Aditivo,46,32.74
156,4,Aditivo,47,30.06
156,4,Aditivo,48,34.02
156,4,Aditivo,49,33.72
156,4,Aditivo,50,29.92
156,4,Aditivo,51,32.02
156,4,Aditivo,52,34.84
157,5,Control,1,31.76
157,5,Control,2,27.17
157,5,Control,3,30.09
157,5,Control,4,29.53
157,5,Control,5,27.96
157,5,Control,6,33.81
157,5,Control,7,32.81
157,5,Control,8,27.42
157,5,Control,9,28.44
157,5,Control,10,30.99
157,5,Control,11,30.56
157,5,Control,12,30.2
157,5,Control,13,29.12
157,5,Control,14,35.93
157,5,Control,15,31.57
157,5,Control,16,27.81
157,5,Control,17,31.81
157,5,Control,18,28.98
157,5,Control,19,32.5
157,5,Control,20,30.07
157,5,Control,21,29.82
157,5,Control,22,33.08
157,5,Control,23,31.14
157,5,Control,24,30.88
157,5,Control,25,30.72
157,5,Control,26,26.19
157,5,Control,27,31.08
157,5,Control,28,30.76
157,5,Control,29,36.67
157,5,Control,30,36.39
157,5,Control,31,28.14
157,5,Control,32,35.07
157,5,Control,33,29.2
157,5,Control,34,31.97
157,5,Control,35,36.07
157,5,Control,36,31.07
157,5,Control,37,33.96
157,5,Control,38,32.06
157,5,Control,39,37.83
157,5,Control,40,30.37
157,5,Control,41,25.04
157,5,Control,42,24.77
157,5,Control,43,30.7
157,5,Control,44,31.83
157,5,Control,45,27.22
157,5,Control,46,29.65
157,5,Control,47,33.13
157,5,Control,48,32.86
157,5,Control,49,31.07
157,5,Control,50,33.91
157,5,Control,51,31.45
157,5,Control,52,32.93
158,5,Aditivo,1,33.23
158,5,Aditivo,2,35.31
158,5,Aditivo,3,26.48
158,5,Aditivo,4,30.48
158,5,Aditivo,5,28.82
158,5,Aditivo,6,33.95
158,5,Aditivo,7,36.79
158,5,Aditivo,8,29.71
158,5,Aditivo,9,29.22
158,5,Aditivo,10,30.28
158,5,Aditivo,11,37.47
158,5,Aditivo,12,33.88
158,5,Aditivo,13,31.51
158,5,Aditivo,14,30.15
158,5,Aditivo,15,34.99
158,5,Aditivo,16,34.55
158,5,Aditivo,17,36.05
158,5,Aditivo,18,28.87
158,5,Aditivo,19,38.18
158,5,Aditivo,20,29.19
158,5,Aditivo,21,31.3
158,5,Aditivo,22,35.19
158,5,Aditivo,23,37.04
158,5,Aditivo,24,29.38
158,5,Aditivo,25,33.41
158,5,Aditivo,26,40.41
158,5,Aditivo,27,36.84
158,5,Aditivo,28,32.53
158,5,Aditivo,29,29.74
158,5,Aditivo,30,35.98
158,5,Aditivo,31,34.18
158,5,Aditivo,32,34.98
158,5,Aditivo,33,35.0
158,5,Aditivo,34,32.62
158,5,Aditivo,35,34.44
158,5,Aditivo,36,32.03
158,5,Aditivo,37,34.81
158,5,Aditivo,38,27.34
158,5,Aditivo,39,41.97
158,5,Aditivo,40,33.99
158,5,Aditivo,41,34.53
158,5,Aditivo,42,32.59
158,5,Aditivo,43,39.05
158,5,Aditivo,44,36.31
158,5,Aditivo,45,34.48
158,5,Aditivo,46,38.96
158,5,Aditivo,47,32.84
158,5,Aditivo,48,32.8
158,5,Aditivo,49,33.53
158,5,Aditivo,50,36.2
158,5,Aditivo,51,34.85
158,5,Aditivo,52,26.94
159,5,Control,1,31.87
159,5,Control,2,29.29
159,5,Control,3,25.82
159,5,Control,4,28.47
159,5,Control,5,28.9
159,5,Control,6,27.19
159,5,Control,7,23.86
159,5,Control,8,29.71
159,5,Control,9,33.15
159,5,Control,10,25.75
159,5,Control,11,34.76
159,5,Control,12,35.89
159,5,Control,13,35.95
159,5,Control,14,27.95
159,5,Control,15,31.35
159,5,Control,16,24.4
159,5,Control,17,30.08
159,5,Control,18,28.7
159,5,Control,19,28.84
159,5,Control,20,37.19
159,5,Control,21,36.57
159,5,Control,22,33.3
159,5,Control,23,29.47
159,5,Control,24,32.19
159,5,Control,25,35.9
159,5,Control,26,32.43
159,5,Control,27,31.34
159,5,Control,28,36.35
159,5,Control,29,27.89
159,5,Control,30,32.44
159,5,Control,31,29.98
159,5,Control,32,31.8
159,5,Control,33,31.78
159,5,Control,34,29.91
159,5,Control,35,35.42
159,5,Control,36,37.6
159,5,Control,37,32.48
159,5,Control,38,37.39
159,5,Control,39,27.74
159,5,Control,40,28.32
159,5,Control,41,29.12
159,5,Control,42,35.76
159,5,Control,43,32.29
159,5,Control,44,36.49
159,5,Control,45,33.96
159,5,Control,46,27.53
159,5,Control,47,34.65
159,5,Control,48,31.54
159,5,Control,49,38.06
159,5,Control,50,29.41
159,5,Control,51,27.68
159,5,Control,52,25.09
160,2,Control,1,30.26
160,2,Control,2,29.95
160,2,Control,3,32.02
160,2,Control,4,30.0
160,2,Control,5,33.36
160,2,Control,6,34.34
160,2,Control,7,31.87
160,2,Control,8,30.41
160,2,Control,9,34.13
160,2,Control,10,27.82
160,2,Control,11,28.45
160,2,Control,12,28.02
160,2,Control,13,24.64
160,2,Control,14,32.85
160,2,Control,15,26.1
160,2,Control,16,30.72
160,2,Control,17,27.49
160,2,Control,18,28.81
160,2,Control,19,31.64
160,2,Control,20,27.66
160,2,Control,21,31.87
160,2,Control,22,29.7
160,2,Control,23,31.63
160,2,Control,24,32.18
160,2,Control,25,27.79
160,2,Control,26,29.96
160,2,Control,27,32.27
160,2,Control,28,32.93
160,2,Control,29,33.37
160,2,Control,30,30.16
160,2,Control,31,28.67
160,2,Control,32,28.47
160,2,Control,33,35.93
160,2,Control,34,31.43
160,2,Control,35,30.81
160,2,Control,36,30.88
160,2,Control,37,32.66
160,2,Control,38,29.46
160,2,Control,39,37.85
160,2,Control,40,30.84
160,2,Control,41,31.06
160,2,Control,42,29.47
160,2,Control,43,37.26
160,2,Control,44,31.94
160,2,Control,45,32.39
160,2,Control,46,34.41
160,2,Control,47,29.54
160,2,Control,48,27.52
160,2,Control,49,29.25
160,2,Control,50,32.91
160,2,Control,51,23.2
160,2,Control,52,35.52
161,3,Control,1,27.52
161,3,Control,2,30.82
161,3,Control,3,33.3
161,3,Control,4,29.79
161,3,Control,5,28.62
161,3,Control,6,29.99
161,3,Control,7,33.54
161,3,Control,8,25.81
161,3,Control,9,30.1
161,3,Control,10,31.71
161,3,Control,11,32.6
161,3,Control,12,27.05
161,3,Control,13,30.78
161,3,Control,14,29.01
161,3,Control,15,26.62
161,3,Control,16,32.84
161,3,Control,17,31.9
161,3,Control,18,31.97
161,3,Control,19,24.58
161,3,Control,20,26.71
161,3,Control,21,31.21
161,3,Control,22,29.51
161,3,Control,23,31.76
161,3,Control,24,32.5
161,3,Control,25,32.37
161,3,Control,26,32.97
161,3,Control,27,33.07
161,3,Control,28,25.87
161,3,Control,29,23.32
161,3,Control,30,26.68
161,3,Control,31,32.18
161,3,Control,32,28.18
161,3,Control,33,33.63
161,3,Control,34,30.96
161,3,Control,35,30.14
161,3,Control,36,27.12
161,3,Control,37,31.81
161,3,Control,38,27.45
161,3,Control,39,38.12
161,3,Control,40,34.24
161,3,Control,41,29.68
161,3,Control,42,29.47
161,3,Control,43,36.63
161,3,Control,44,35.79
161,3,Control,45,33.05
161,3,Control,46,29.86
161,3,Control,47,33.1
161,3,Control,48,35.77
161,3,Control,49,35.91
161,3,Control,50,34.85
161,3,Control,51,35.87
161,3,Control,52,34.66
162,4,Aditivo,1,30.16
162,4,Aditivo,2,28.65
162,4,Aditivo,3,33.2
162,4,Aditivo,4,31.7
162,4,Aditivo,5,27.83
162,4,Aditivo,6,38.9
162,4,Aditivo,7,31.93
162,4,Aditivo,8,25.56
162,4,Aditivo,9,32.23
162,4,Aditivo,10,29.77
162,4,Aditivo,11,32.24
162,4,Aditivo,12,36.6
162,4,Aditivo,13,31.17
162,4,Aditivo,14,30.38
162,4,Aditivo,15,29.32
162,4,Aditivo,16,31.75
162,4,Aditivo,17,31.78
162,4,Aditivo,18,29.91
162,4,Aditivo,19,35.17
162,4,Aditivo,20,32.44
162,4,Aditivo,21,32.87
162,4,Aditivo,22,36.93
162,4,Aditivo,23,35.95
162,4,Aditivo,24,29.03
162,4,Aditivo,25,31.52
162,4,Aditivo,26,32.99
162,4,Aditivo,27,34.46
162,4,Aditivo,28,32.19
162,4,Aditivo,29,32.23
162,4,Aditivo,30,32.32
162,4,Aditivo,31,30.54
162,4,Aditivo,32,33.16
162,4,Aditivo,33,33.49
162,4,Aditivo,34,35.33
162,4,Aditivo,35,33.03
162,4,Aditivo,36,31.61
162,4,Aditivo,37,32.1
162,4,Aditivo,38,30.78
162,4,Aditivo,39,29.72
162,4,Aditivo,40,37.17
162,4,Aditivo,41,37.21
162,4,Aditivo,42,32.69
162,4,Aditivo,43,35.02
162,4,Aditivo,44,35.56
162,4,Aditivo,45,37.12
162,4,Aditivo,46,38.06
162,4,Aditivo,47,30.24
162,4,Aditivo,48,41.26
162,4,Aditivo,49,39.32
162,4,Aditivo,50,35.33
162,4,Aditivo,51,33.63
162,4,Aditivo,52,33.13
163,4,Control,1,27.99
163,4,Control,2,35.34
163,4,Control,3,27.99
163,4,Control,4,37.19
163,4,Control,5,37.42
163,4,Control,6,32.02
163,4,Control,7,28.12
163,4,Control,8,29.9
163,4,Control,9,35.24
163,4,Control,10,28.54
163,4,Control,11,37.31
163,4,Control,12,32.01
163,4,Control,13,35.21
163,4,Control,14,26.14
163,4,Control,15,28.39
163,4,Control,16,32.0
163,4,Control,17,26.35
163,4,Control,18,27.81
163,4,Control,19,28.81
163,4,Control,20,32.24
163,4,Control,21,25.49
163,4,Control,22,33.01
163,4,Control,23,37.09
163,4,Control,24,29.55
163,4,Control,25,30.51
163,4,Control,26,32.6
163,4,Control,27,28.0
163,4,Control,28,32.96
163,4,Control,29,31.81
163,4,Control,30,36.75
163,4,Control,31,31.21
163,4,Control,32,34.42
163,4,Control,33,25.31
163,4,Control,34,30.07
163,4,Control,35,29.48
163,4,Control,36,29.01
163,4,Control,37,32.92
163,4,Control,38,32.5
163,4,Control,39,31.91
163,4,Control,40,28.96
163,4,Control,41,30.86
163,4,Control,42,27.79
163,4,Control,43,34.29
163,4,Control,44,27.39
163,4,Control,45,32.07
163,4,Control,46,36.2
163,4,Control,47,29.73
163,4,Control,48,30.6
163,4,Control,49,33.37
163,4,Control,50,33.7
163,4,Control,51,38.38
163,4,Control,52,36.17
164,5,Aditivo,1,27.02
164,5,Aditivo,2,30.03
164,5,Aditivo,3,36.25
164,5,Aditivo,4,36.25
164,5,Aditivo,5,27.51
164,5,Aditivo,6,28.64
164,5,Aditivo,7,29.08
164,5,Aditivo,8,35.27
164,5,Aditivo,9,30.87
164,5,Aditivo,10,33.2
164,5,Aditivo,11,30.68
164,5,Aditivo,12,40.88
164,5,Aditivo,13,29.01
164,5,Aditivo,14,34.43
164,5,Aditivo,15,39.38
164,5,Aditivo,16,30.04
164,5,Aditivo,17,37.63
164,5,Aditivo,18,27.64
164,5,Aditivo,19,37.37
164,5,Aditivo,20,31.51
164,5,Aditivo,21,31.69
164,5,Aditivo,22,29.81
164,5,Aditivo,23,27.69
164,5,Aditivo,24,31.75
164,5,Aditivo,25,34.92
164,5,Aditivo,26,40.94
164,5,Aditivo,27,30.99
164,5,Aditivo,28,33.66
164,5,Aditivo,29,29.63
164,5,Aditivo,30,34.89
164,5,Aditivo,31,34.69
164,5,Aditivo,32,35.71
164,5,Aditivo,33,31.6
164,5,Aditivo,34,34.88
164,5,Aditivo,35,35.2
164,5,Aditivo,36,36.14
164,5,Aditivo,37,34.34
164,5,Aditivo,38,33.71
164,5,Aditivo,39,34.85
164,5,Aditivo,40,35.13
164,5,Aditivo,41,32.05
164,5,Aditivo,42,35.13
164,5,Aditivo,43,36.88
164,5,Aditivo,44,38.05
164,5,Aditivo,45,34.94
164,5,Aditivo,46,44.06
164,5,Aditivo,47,34.85
164,5,Aditivo,48,32.43
164,5,Aditivo,49,36.08
164,5,Aditivo,50,35.46
164,5,Aditivo,51,29.9
164,5,Aditivo,52,26.05
165,1,Control,1,32.69
165,1,Control,2,29.76
165,1,Control,3,29.02
165,1,Control,4,29.7
165,1,Control,5,35.17
165,1,Control,6,33.13
165,1,Control,7,32.26
165,1,Control,8,33.53
165,1,Control,9,28.12
165,1,Control,10,38.24
165,1,Control,11,30.81
165,1,Control,12,27.05
165,1,Control,13,30.88
165,1,Control,14,28.84
165,1,Control,15,31.91
165,1,Control,16,33.3
165,1,Control,17,31.74
165,1,Control,18,31.65
165,1,Control,19,33.59
165,1,Control,20,33.46
165,1,Control,21,28.63
165,1,Control,22,29.22
165,1,Control,23,31.04
165,1,Control,24,29.74
165,1,Control,25,31.11
165,1,Control,26,31.33
165,1,Control,27,30.43
165,1,Control,28,34.48
165,1,Control,29,34.36
165,1,Control,30,32.82
165,1,Control,31,32.92
165,1,Control,32,30.2
165,1,Control,33,32.81
165,1,Control,34,31.95
165,1,Control,35,37.05
165,1,Control,36,38.34
165,1,Control,37,29.12
165,1,Control,38,24.48
165,1,Control,39,35.52
165,1,Control,40,29.65
165,1,Control,41,31.64
165,1,Control,42,30.0
165,1,Control,43,29.01
165,1,Control,44,33.05
165,1,Control,45,32.73
165,1,Control,46,32.83
165,1,Control,47,31.91
165,1,Control,48,37.52
165,1,Control,49,34.65
165,1,Control,50,31.51
165,1,Control,51,31.04
165,1,Control,52,28.83
166,2,Aditivo,1,32.5
166,2,Aditivo,2,29.93
166,2,Aditivo,3,37.04
166,2,Aditivo,4,30.91
166,2,Aditivo,5,38.71
166,2,Aditivo,6,32.18
166,2,Aditivo,7,36.47
166,2,Aditivo,8,34.33
166,2,Aditivo,9,33.44
166,2,Aditivo,10,29.07
166,2,Aditivo,11,31.66
166,2,Aditivo,12,32.88
166,2,Aditivo,13,37.93
166,2,Aditivo,14,33.42
166,2,Aditivo,15,37.17
166,2,Aditivo,16,36.27
166,2,Aditivo,17,32.28
166,2,Aditivo,18,33.28
166,2,Aditivo,19,35.52
166,2,Aditivo,20,34.56
166,2,Aditivo,21,31.26
166,2,Aditivo,22,34.32
166,2,Aditivo,23,35.79
166,2,Aditivo,24,27.57
166,2,Aditivo,25,29.39
166,2,Aditivo,26,37.47
166,2,Aditivo,27,35.1
166,2,Aditivo,28,32.43
166,2,Aditivo,29,31.01
166,2,Aditivo,30,35.54
166,2,Aditivo,31,36.11
166,2,Aditivo,32,34.48
166,2,Aditivo,33,33.22
166,2,Aditivo,34,36.43
166,2,Aditivo,35,36.41
166,2,Aditivo,36,36.45
166,2,Aditivo,37,31.2
166,2,Aditivo,38,35.52
166,2,Aditivo,39,30.55
166,2,Aditivo,40,32.72
166,2,Aditivo,41,34.72
166,2,Aditivo,42,35.65
166,2,Aditivo,43,36.17
166,2,Aditivo,44,32.94
166,2,Aditivo,45,36.98
166,2,Aditivo,46,36.87
166,2,Aditivo,47,37.69
166,2,Aditivo,48,31.15
166,2,Aditivo,49,35.25
166,2,Aditivo,50,28.38
166,2,Aditivo,51,38.1
166,2,Aditivo,52,37.64
167,3,Aditivo,1,34.07
167,3,Aditivo,2,28.49
167,3,Aditivo,3,28.07
167,3,Aditivo,4,30.41
167,3,Aditivo,5,33.86
167,3,Aditivo,6,34.61
167,3,Aditivo,7,30.54
167,3,Aditivo,8,33.29
167,3,Aditivo,9,39.33
167,3,Aditivo,10,31.66
167,3,Aditivo,11,35.28
167,3,Aditivo,12,31.73
167,3,Aditivo,13,36.4
167,3,Aditivo,14,34.67
167,3,Aditivo,15,34.0
167,3,Aditivo,16,41.69
167,3,Aditivo,17,36.27
167,3,Aditivo,18,34.11
167,3,Aditivo,19,31.28
167,3,Aditivo,20,40.13
167,3,Aditivo,21,35.69
167,3,Aditivo,22,35.75
167,3,Aditivo,23,35.27
167,3,Aditivo,24,31.76
167,3,Aditivo,25,32.43
167,3,Aditivo,26,37.92
167,3,Aditivo,27,35.76
167,3,Aditivo,28,31.08
167,3,Aditivo,29,29.71
167,3,Aditivo,30,32.81
167,3,Aditivo,31,32.77
167,3,Aditivo,32,35.89
167,3,Aditivo,33,33.5
167,3,Aditivo,34,35.03
167,3,Aditivo,35,26.07
167,3,Aditivo,36,33.45
167,3,Aditivo,37,33.65
167,3,Aditivo,38,30.86
167,3,Aditivo,39,36.02
167,3,Aditivo,40,31.76
167,3,Aditivo,41,37.17
167,3,Aditivo,42,27.29
167,3,Aditivo,43,38.78
167,3,Aditivo,44,37.17
167,3,Aditivo,45,29.06
167,3,Aditivo,46,32.28
167,3,Aditivo,47,31.74
167,3,Aditivo,48,37.26
167,3,Aditivo,49,38.91
167,3,Aditivo,50,36.43
167,3,Aditivo,51,37.41
167,3,Aditivo,52,33.38
168,3,Aditivo,1,30.61
168,3,Aditivo,2,29.7
168,3,Aditivo,3,30.84
168,3,Aditivo,4,31.35
168,3,Aditivo,5,31.13
168,3,Aditivo,6,32.94
168,3,Aditivo,7,33.6
168,3,Aditivo,8,37.15
168,3,Aditivo,9,34.09
168,3,Aditivo,10,37.08
168,3,Aditivo,11,31.92
168,3,Aditivo,12,33.53
168,3,Aditivo,13,31.8
168,3,Aditivo,14,40.54
168,3,Aditivo,15,43.11
168,3,Aditivo,16,30.73
168,3,Aditivo,17,32.23
168,3,Aditivo,18,37.09
168,3,Aditivo,19,35.81
168,3,Aditivo,20,35.53
168,3,Aditivo,21,29.96
168,3,Aditivo,22,32.97
168,3,Aditivo,23,33.58
168,3,Aditivo,24,31.17
168,3,Aditivo,25,36.56
168,3,Aditivo,26,34.75
168,3,Aditivo,27,34.84
168,3,Aditivo,28,29.02
168,3,Aditivo,29,30.04
168,3,Aditivo,30,39.07
168,3,Aditivo,31,35.82
168,3,Aditivo,32,30.33
168,3,Aditivo,33,31.83
168,3,Aditivo,34,33.15
168,3,Aditivo,35,33.75
168,3,Aditivo,36,29.0
168,3,Aditivo,37,33.85
168,3,Aditivo,38,39.18
168,3,Aditivo,39,35.69
168,3,Aditivo,40,31.65
168,3,Aditivo,41,26.5
168,3,Aditivo,42,38.56
168,3,Aditivo,43,37.59
168,3,Aditivo,44,35.33
168,3,Aditivo,45,36.32
168,3,Aditivo,46,37.26
168,3,Aditivo,47,36.86
168,3,Aditivo,48,33.51
168,3,Aditivo,49,29.93
168,3,Aditivo,50,35.21
168,3,Aditivo,51,32.92
168,3,Aditivo,52,32.67
169,4,Control,1,30.79
169,4,Control,2,37.03
169,4,Control,3,32.66
169,4,Control,4,26.32
169,4,Control,5,36.3
169,4,Control,6,25.59
169,4,Control,7,29.45
169,4,Control,8,27.48
169,4,Control,9,26.58
169,4,Control,10,35.47
169,4,Control,11,31.62
169,4,Control,12,36.42
169,4,Control,13,31.08
169,4,Control,14,36.44
169,4,Control,15,38.0
169,4,Control,16,31.95
169,4,Control,17,27.83
169,4,Control,18,30.64
169,4,Control,19,27.38
169,4,Control,20,28.86
169,4,Control,21,32.5
169,4,Control,22,31.08
169,4,Control,23,30.73
169,4,Control,24,27.94
169,4,Control,25,28.68
169,4,Control,26,27.11
169,4,Control,27,32.51
169,4,Control,28,32.33
169,4,Control,29,29.11
169,4,Control,30,29.67
169,4,Control,31,26.42
169,4,Control,32,35.92
169,4,Control,33,31.17
169,4,Control,34,29.98
169,4,Control,35,31.48
169,4,Control,36,27.71
169,4,Control,37,33.95
169,4,Control,38,31.56
169,4,Control,39,30.81
169,4,Control,40,22.79
169,4,Control,41,28.1
169,4,Control,42,35.05
169,4,Control,43,33.85
169,4,Control,44,32.07
169,4,Control,45,32.98
169,4,Control,46,34.29
169,4,Control,47,28.95
169,4,Control,48,32.85
169,4,Control,49,31.15
169,4,Control,50,30.45
169,4,Control,51,33.08
169,4,Control,52,33.2
170,5,Aditivo,1,33.49
170,5,Aditivo,2,29.64
170,5,Aditivo,3,33.59
170,5,Aditivo,4,32.21
170,5,Aditivo,5,27.58
170,5,Aditivo,6,34.74
170,5,Aditivo,7,33.26
170,5,Aditivo,8,28.06
170,5,Aditivo,9,33.05
170,5,Aditivo,10,36.04
170,5,Aditivo,11,35.98
170,5,Aditivo,12,34.63
170,5,Aditivo,13,30.39
170,5,Aditivo,14,35.6
170,5,Aditivo,15,32.45
170,5,Aditivo,16,30.89
170,5,Aditivo,17,37.75
170,5,Aditivo,18,30.32
170,5,Aditivo,19,33.92
170,5,Aditivo,20,33.61
170,5,Aditivo,21,36.3
170,5,Aditivo,22,32.4
170,5,Aditivo,23,35.62
170,5,Aditivo,24,37.58
170,5,Aditivo,25,29.87
170,5,Aditivo,26,30.1
170,5,Aditivo,27,36.95
170,5,Aditivo,28,27.5
170,5,Aditivo,29,35.0
170,5,Aditivo,30,36.84
170,5,Aditivo,31,33.63
170,5,Aditivo,32,34.76
170,5,Aditivo,33,34.46
170,5,Aditivo,34,36.37
170,5,Aditivo,35,31.36
170,5,Aditivo,36,37.59
170,5,Aditivo,37,28.64
170,5,Aditivo,38,29.7
170,5,Aditivo,39,35.17
170,5,Aditivo,40,35.96
170,5,Aditivo,41,33.15
170,5,Aditivo,42,37.27
170,5,Aditivo,43,33.26
170,5,Aditivo,44,29.03
170,5,Aditivo,45,41.49
170,5,Aditivo,46,36.91
170,5,Aditivo,47,29.94
170,5,Aditivo,48,33.48
170,5,Aditivo,49,32.94
170,5,Aditivo,50,36.03
170,5,Aditivo,51,31.63
170,5,Aditivo,52,30.75
171,4,Control,1,30.01
171,4,Control,2,28.22
171,4,Control,3,35.98
171,4,Control,4,30.65
171,4,Control,5,32.42
171,4,Control,6,33.13
171,4,Control,7,31.61
171,4,Control,8,32.83
171,4,Control,9,31.54
171,4,Control,10,28.65
171,4,Control,11,27.09
171,4,Control,12,32.59
171,4,Control,13,27.76
171,4,Control,14,32.91
171,4,Control,15,31.1
171,4,Control,16,27.29
171,4,Control,17,32.36
171,4,Control,18,32.44
171,4,Control,19,29.21
171,4,Control,20,30.77
171,4,Control,21,29.87
171,4,Control,22,27.67
171,4,Control,23,34.54
171,4,Control,24,35.94
171,4,Control,25,28.28
171,4,Control,26,36.87
171,4,Control,27,35.23
171,4,Control,28,30.19
171,4,Control,29,30.43
171,4,Control,30,31.7
171,4,Control,31,29.94
171,4,Control,32,33.27
171,4,Control,33,36.18
171,4,Control,34,34.03
171,4,Control,35,36.25
171,4,Control,36,32.54
171,4,Control,37,34.14
171,4,Control,38,34.64
171,4,Control,39,30.15
171,4,Control,40,32.2
171,4,Control,41,36.58
171,4,Control,42,29.54
171,4,Control,43,24.07
171,4,Control,44,31.68
171,4,Control,45,33.96
171,4,Control,46,25.67
171,4,Control,47,30.35
171,4,Control,48,33.81
171,4,Control,49,34.74
171,4,Control,50,32.98
171,4,Control,51,29.99
171,4,Control,52,33.48
172,4,Aditivo,1,34.5
172,4,Aditivo,2,29.41
172,4,Aditivo,3,30.59
172,4,Aditivo,4,34.08
172,4,Aditivo,5,38.82
172,4,Aditivo,6,35.67
172,4,Aditivo,7,33.1
172,4,Aditivo,8,27.43
172,4,Aditivo,9,31.02
172,4,Aditivo,10,33.05
172,4,Aditivo,11,33.75
172,4,Aditivo,12,31.84
172,4,Aditivo,13,27.53
172,4,Aditivo,14,30.94
172,4,Aditivo,15,32.35
172,4,Aditivo,16,30.41
172,4,Aditivo,17,34.43
172,4,Aditivo,18,29.89
172,4,Aditivo,19,32.35
172,4,Aditivo,20,31.67
172,4,Aditivo,21,27.16
172,4,Aditivo,22,31.87
172,4,Aditivo,23,32.85
172,4,Aditivo,24,36.28
172,4,Aditivo,25,35.12
172,4,Aditivo,26,33.69
172,4,Aditivo,27,32.47
172,4,Aditivo,28,34.73
172,4,Aditivo,29,34.3
172,4,Aditivo,30,27.84
172,4,Aditivo,31,29.51
172,4,Aditivo,32,26.88
172,4,Aditivo,33,36.8
172,4,Aditivo,34,25.45
172,4,Aditivo,35,40.19
172,4,Aditivo,36,35.79
172,4,Aditivo,37,33.51
172,4,Aditivo,38,36.08
172,4,Aditivo,39,31.07
172,4,Aditivo,40,31.6
172,4,Aditivo,41,35.16
172,4,Aditivo,42,32.73
172,4,Aditivo,43,33.73
172,4,Aditivo,44,32.12
172,4,Aditivo,45,32.75
172,4,Aditivo,46,34.44
172,4,Aditivo,47,38.54
172,4,Aditivo,48,34.79
172,4,Aditivo,49,32.71
172,4,Aditivo,50,36.15
172,4,Aditivo,51,32.27
172,4,Aditivo,52,33.69
173,5,Aditivo,1,28.75
173,5,Aditivo,2,30.2
173,5,Aditivo,3,27.84
173,5,Aditivo,4,32.53
173,5,Aditivo,5,35.27
173,5,Aditivo,6,31.88
173,5,Aditivo,7,29.23
173,5,Aditivo,8,36.23
173,5,Aditivo,9,39.37
173,5,Aditivo,10,33.44
173,5,Aditivo,11,37.1
173,5,Aditivo,12,34.24
173,5,Aditivo,13,27.8
173,5,Aditivo,14,35.1
173,5,Aditivo,15,29.72
173,5,Aditivo,16,35.34
173,5,Aditivo,17,29.06
173,5,Aditivo,18,26.44
173,5,Aditivo,19,32.73
173,5,Aditivo,20,25.47
173,5,Aditivo,21,35.14
173,5,Aditivo,22,30.2
173,5,Aditivo,23,38.49
173,5,Aditivo,24,36.65
173,5,Aditivo,25,27.75
173,5,Aditivo,26,36.72
173,5,Aditivo,27,34.77
173,5,Aditivo,28,32.54
173,5,Aditivo,29,34.25
173,5,Aditivo,30,38.9
173,5,Aditivo,31,30.08
173,5,Aditivo,32,30.66
173,5,Aditivo,33,37.3
173,5,Aditivo,34,31.36
173,5,Aditivo,35,36.8
173,5,Aditivo,36,36.27
173,5,Aditivo,37,39.77
173,5,Aditivo,38,26.42
173,5,Aditivo,39,31.98
173,5,Aditivo,40,41.05
173,5,Aditivo,41,40.02
173,5,Aditivo,42,31.55
173,5,Aditivo,43,33.23
173,5,Aditivo,44,33.33
173,5,Aditivo,45,44.11
173,5,Aditivo,46,32.54
173,5,Aditivo,47,31.54
173,5,Aditivo,48,27.98
173,5,Aditivo,49,33.47
173,5,Aditivo,50,27.02
173,5,Aditivo,51,39.76
173,5,Aditivo,52,34.66
174,4,Control,1,27.63
174,4,Control,2,32.14
174,4,Control,3,38.09
174,4,Control,4,32.83
174,4,Control,5,32.62
174,4,Control,6,29.8
174,4,Control,7,26.78
174,4,Control,8,35.7
174,4,Control,9,33.88
174,4,Control,10,35.01
174,4,Control,11,31.44
174,4,Control,12,30.51
174,4,Control,13,33.7
174,4,Control,14,30.15
174,4,Control,15,29.85
174,4,Control,16,32.85
174,4,Control,17,28.1
174,4,Control,18,32.08
174,4,Control,19,30.15
174,4,Control,20,25.9
174,4,Control,21,37.92
174,4,Control,22,30.71
174,4,Control,23,31.0
174,4,Control,24,28.27
174,4,Control,25,30.02
174,4,Control,26,36.08
174,4,Control,27,32.84
174,4,Control,28,31.77
174,4,Control,29,30.17
174,4,Control,30,34.19
174,4,Control,31,35.86
174,4,Control,32,31.3
174,4,Control,33,28.6
174,4,Control,34,33.8
174,4,Control,35,30.44
174,4,Control,36,32.39
174,4,Control,37,38.59
174,4,Control,38,34.72
174,4,Control,39,34.7
174,4,Control,40,38.18
174,4,Control,41,32.76
174,4,Control,42,27.95
174,4,Control,43,29.58
174,4,Control,44,32.97
174,4,Control,45,35.97
174,4,Control,46,27.81
174,4,Control,47,34.93
174,4,Control,48,29.04
174,4,Control,49,27.91
174,4,Control,50,29.96
174,4,Control,51,31.82
174,4,Control,52,33.0
175,1,Control,1,33.49
175,1,Control,2,28.1
175,1,Control,3,31.4
175,1,Control,4,27.04
175,1,Control,5,26.02
175,1,Control,6,30.72
175,1,Control,7,33.7
175,1,Control,8,30.27
175,1,Control,9,29.81
175,1,Control,10,32.88
175,1,Control,11,25.65
175,1,Control,12,33.74
175,1,Control,13,33.89
175,1,Control,14,32.95
175,1,Control,15,32.39
175,1,Control,16,35.67
175,1,Control,17,30.5
175,1,Control,18,24.75
175,1,Control,19,34.29
175,1,Control,20,27.22
175,1,Control,21,28.18
175,1,Control,22,29.29
175,1,Control,23,31.11
175,1,Control,24,30.88
175,1,Control,25,30.37
175,1,Control,26,22.72
175,1,Control,27,33.1
175,1,Control,28,29.34
175,1,Control,29,32.91
175,1,Control,30,33.71
175,1,Control,31,35.27
175,1,Control,32,36.03
175,1,Control,33,33.17
175,1,Control,34,29.61
175,1,Control,35,35.06
175,1,Control,36,29.7
175,1,Control,37,35.49
175,1,Control,38,31.77
175,1,Control,39,34.21
175,1,Control,40,31.52
175,1,Control,41,34.48
175,1,Control,42,28.91
175,1,Control,43,36.53
175,1,Control,44,34.07
175,1,Control,45,29.25
175,1,Control,46,33.54
175,1,Control,47,33.67
175,1,Control,48,37.39
175,1,Control,49,26.76
175,1,Control,50,29.6
175,1,Control,51,34.07
175,1,Control,52,29.49
176,2,Control,1,30.77
176,2,Control,2,32.15
176,2,Control,3,29.27
176,2,Control,4,30.55
176,2,Control,5,31.28
176,2,Control,6,35.91
176,2,Control,7,28.75
176,2,Control,8,28.27
176,2,Control,9,26.7
176,2,Control,10,29.94
176,2,Control,11,33.91
176,2,Control,12,29.18
176,2,Control,13,34.83
176,2,Control,14,33.27
176,2,Control,15,32.05
176,2,Control,16,29.99
176,2,Control,17,30.56
176,2,Control,18,29.92
176,2,Control,19,30.63
176,2,Control,20,26.13
176,2,Control,21,32.59
176,2,Control,22,31.64
176,2,Control,23,34.06
176,2,Control,24,31.95
176,2,Control,25,34.95
176,2,Control,26,27.65
176,2,Control,27,32.99
176,2,Control,28,33.72
176,2,Control,29,34.7
176,2,Control,30,31.08
176,2,Control,31,32.49
176,2,Control,32,32.88
176,2,Control,33,31.42
176,2,Control,34,24.08
176,2,Control,35,36.29
176,2,Control,36,33.79
176,2,Control,37,32.02
176,2,Control,38,30.1
176,2,Control,39,34.22
176,2,Control,40,38.12
176,2,Control,41,30.39
176,2,Control,42,31.78
176,2,Control,43,35.66
176,2,Control,44,31.16
176,2,Control,45,32.24
176,2,Control,46,32.78
176,2,Control,47,30.15
176,2,Control,48,30.78
176,2,Control,49,36.21
176,2,Control,50,31.88
176,2,Control,51,30.74
176,2,Control,52,30.66
177,5,Control,1,25.11
177,5,Control,2,30.14
177,5,Control,3,32.71
177,5,Control,4,25.94
177,5,Control,5,28.84
177,5,Control,6,28.7
177,5,Control,7,33.83
177,5,Control,8,35.77
177,5,Control,9,33.51
177,5,Control,10,31.3
177,5,Control,11,29.05
177,5,Control,12,28.78
177,5,Control,13,30.01
177,5,Control,14,31.76
177,5,Control,15,31.46
177,5,Control,16,25.66
177,5,Control,17,25.61
177,5,Control,18,26.63
177,5,Control,19,25.07
177,5,Control,20,31.85
177,5,Control,21,26.89
177,5,Control,22,34.79
177,5,Control,23,28.08
177,5,Control,24,27.28
177,5,Control,25,37.48
177,5,Control,26,32.8
177,5,Control,27,30.69
177,5,Control,28,34.37
177,5,Control,29,31.65
177,5,Control,30,30.82
177,5,Control,31,31.56
177,5,Control,32,38.41
177,5,Control,33,31.95
177,5,Control,34,36.65
177,5,Control,35,33.8
177,5,Control,36,31.78
177,5,Control,37,33.42
177,5,Control,38,32.06
177,5,Control,39,34.53
177,5,Control,40,35.06
177,5,Control,41,30.4
177,5,Control,42,29.95
177,5,Control,43,37.98
177,5,Control,44,31.41
177,5,Control,45,31.48
177,5,Control,46,34.7
177,5,Control,47,31.83
177,5,Control,48,31.56
177,5,Control,49,27.99
177,5,Control,50,34.73
177,5,Control,51,33.71
177,5,Control,52,30.45
178,3,Aditivo,1,34.8
178,3,Aditivo,2,31.61
178,3,Aditivo,3,28.97
178,3,Aditivo,4,29.84
178,3,Aditivo,5,32.7
178,3,Aditivo,6,30.02
178,3,Aditivo,7,38.0
178,3,Aditivo,8,36.14
178,3,Aditivo,9,32.21
178,3,Aditivo,10,30.42
178,3,Aditivo,11,27.47
178,3,Aditivo,12,37.42
178,3,Aditivo,13,35.65
178,3,Aditivo,14,30.37
178,3,Aditivo,15,36.76
178,3,Aditivo,16,31.7
178,3,Aditivo,17,31.12
178,3,Aditivo,18,30.47
178,3,Aditivo,19,32.77
178,3,Aditivo,20,27.19
178,3,Aditivo,21,36.95
178,3,Aditivo,22,33.58
178,3,Aditivo,23,33.73
178,3,Aditivo,24,36.81
178,3,Aditivo,25,33.71
178,3,Aditivo,26,35.87
178,3,Aditivo,27,32.86
178,3,Aditivo,28,30.76
178,3,Aditivo,29,38.92
178,3,Aditivo,30,31.81
178,3,Aditivo,31,34.62
178,3,Aditivo,32,32.89
178,3,Aditivo,33,36.26
178,3,Aditivo,34,34.79
178,3,Aditivo,35,31.51
178,3,Aditivo,36,32.65
178,3,Aditivo,37,32.62
178,3,Aditivo,38,38.57
178,3,Aditivo,39,31.39
178,3,Aditivo,40,33.7
178,3,Aditivo,41,30.58
178,3,Aditivo,42,33.44
178,3,Aditivo,43,33.0
178,3,Aditivo,44,33.64
178,3,Aditivo,45,33.51
178,3,Aditivo,46,32.94
178,3,Aditivo,47,32.4
178,3,Aditivo,48,35.7
178,3,Aditivo,49,32.34
178,3,Aditivo,50,35.17
178,3,Aditivo,51,34.67
178,3,Aditivo,52,30.97
179,4,Control,1,29.64
179,4,Control,2,29.52
179,4,Control,3,27.32
179,4,Control,4,24.22
179,4,Control,5,26.31
179,4,Control,6,29.55
179,4,Control,7,24.84
179,4,Control,8,30.56
179,4,Control,9,34.67
179,4,Control,10,26.36
179,4,Control,11,30.32
179,4,Control,12,35.52
179,4,Control,13,28.05
179,4,Control,14,29.67
179,4,Control,15,33.15
179,4,Control,16,30.29
179,4,Control,17,31.71
179,4,Control,18,27.3
179,4,Control,19,26.59
179,4,Control,20,34.68
179,4,Control,21,28.35
179,4,Control,22,34.94
179,4,Control,23,32.41
179,4,Control,24,29.05
179,4,Control,25,36.71
179,4,Control,26,32.17
179,4,Control,27,25.87
179,4,Control,28,29.99
179,4,Control,29,30.77
179,4,Control,30,29.39
179,4,Control,31,29.51
179,4,Control,32,31.61
179,4,Control,33,34.85
179,4,Control,34,33.45
179,4,Control,35,32.32
179,4,Control,36,32.78
179,4,Control,37,34.13
179,4,Control,38,31.77
179,4,Control,39,30.07
179,4,Control,40,34.68
179,4,Control,41,29.24
179,4,Control,42,30.05
179,4,Control,43,34.77
179,4,Control,44,34.35
179,4,Control,45,30.64
179,4,Control,46,33.99
179,4,Control,47,40.9
179,4,Control,48,33.75
179,4,Control,49,28.01
179,4,Control,50,29.6
179,4,Control,51,30.5
179,4,Control,52,32.49
180,5,Control,1,27.07
180,5,Control,2,29.51
180,5,Control,3,26.68
180,5,Control,4,30.75
180,5,Control,5,29.52
180,5,Control,6,29.78
180,5,Control,7,28.64
180,5,Control,8,32.25
180,5,Control,9,27.38
180,5,Control,10,30.47
180,5,Control,11,28.06
180,5,Control,12,27.42
180,5,Control,13,32.69
180,5,Control,14,35.35
180,5,Control,15,34.15
180,5,Control,16,31.2
180,5,Control,17,31.93
180,5,Control,18,34.66
180,5,Control,19,28.35
180,5,Control,20,30.19
180,5,Control,21,29.99
180,5,Control,22,33.62
180,5,Control,23,34.08
180,5,Control,24,33.11
180,5,Control,25,31.9
180,5,Control,26,33.41
180,5,Control,27,32.41
180,5,Control,28,33.68
180,5,Control,29,34.12
180,5,Control,30,33.28
180,5,Control,31,32.43
180,5,Control,32,30.35
180,5,Control,33,33.73
180,5,Control,34,38.41
180,5,Control,35,31.91
180,5,Control,36,29.22
180,5,Control,37,34.34
180,5,Control,38,29.83
180,5,Control,39,30.63
180,5,Control,40,35.52
180,5,Control,41,26.84
180,5,Control,42,34.63
180,5,Control,43,25.63
180,5,Control,44,28.98
180,5,Control,45,32.77
180,5,Control,46,34.25
180,5,Control,47,37.16
180,5,Control,48,31.7
180,5,Control,49,24.77
180,5,Control,50,32.7
180,5,Control,51,31.59
180,5,Control,52,27.59
181,2,Control,1,30.79
181,2,Control,2,28.12
181,2,Control,3,30.8
181,2,Control,4,34.58
181,2,Control,5,29.91
181,2,Control,6,32.47
181,2,Control,7,32.04
181,2,Control,8,34.87
181,2,Control,9,27.59
181,2,Control,10,28.42
181,2,Control,11,28.28
181,2,Control,12,30.11
181,2,Control,13,33.23
181,2,Control,14,30.72
181,2,Control,15,27.93
181,2,Control,16,28.6
181,2,Control,17,31.72
181,2,Control,18,28.84
181,2,Control,19,33.64
181,2,Control,20,33.1
181,2,Control,21,33.04
181,2,Control,22,33.84
181,2,Control,23,27.93
181,2,Control,24,30.56
181,2,Control,25,30.56
181,2,Control,26,32.38
181,2,Control,27,30.51
181,2,Control,28,32.76
181,2,Control,29,26.42
181,2,Control,30,30.18
181,2,Control,31,30.99
181,2,Control,32,33.85
181,2,Control,33,28.2
181,2,Control,34,37.18
181,2,Control,35,29.28
181,2,Control,36,28.93
181,2,Control,37,34.39
181,2,Control,38,32.32
181,2,Control,39,28.1
181,2,Control,40,28.82
181,2,Control,41,28.91
181,2,Control,42,29.47
181,2,Control,43,30.98
181,2,Control,44,32.17
181,2,Control,45,33.7
181,2,Control,46,34.0
181,2,Control,47,37.02
181,2,Control,48,33.8
181,2,Control,49,37.22
181,2,Control,50,28.88
181,2,Control,51,31.82
181,2,Control,52,29.4
182,1,Control,1,30.03
182,1,Control,2,35.95
182,1,Control,3,31.96
182,1,Control,4,35.02
182,1,Control,5,30.38
182,1,Control,6,21.99
182,1,Control,7,26.56
182,1,Control,8,27.03
182,1,Control,9,30.65
182,1,Control,10,30.6
182,1,Control,11,26.79
182,1,Control,12,28.63
182,1,Control,13,24.02
182,1,Control,14,32.49
182,1,Control,15,27.11
182,1,Control,16,29.4
182,1,Control,17,26.71
182,1,Control,18,35.14
182,1,Control,19,33.78
182,1,Control,20,31.96
182,1,Control,21,28.46
182,1,Control,22,28.2
182,1,Control,23,33.91
182,1,Control,24,31.3
182,1,Control,25,28.48
182,1,Control,26,34.1
182,1,Control,27,30.97
182,1,Control,28,36.22
182,1,Control,29,35.85
182,1,Control,30,34.18
182,1,Control,31,31.86
182,1,Control,32,32.75
182,1,Control,33,26.14
182,1,Control,34,32.64
182,1,Control,35,34.79
182,1,Control,36,30.33
182,1,Control,37,27.77
182,1,Control,38,35.92
182,1,Control,39,31.96
182,1,Control,40,38.17
182,1,Control,41,31.58
182,1,Control,42,33.88
182,1,Control,43,27.99
182,1,Control,44,34.09
182,1,Control,45,33.03
182,1,Control,46,34.48
182,1,Control,47,33.48
182,1,Control,48,30.08
182,1,Control,49,32.06
182,1,Control,50,30.52
182,1,Control,51,31.25
182,1,Control,52,29.72
183,2,Aditivo,1,32.12
183,2,Aditivo,2,35.64
183,2,Aditivo,3,30.47
183,2,Aditivo,4,29.91
183,2,Aditivo,5,27.89
183,2,Aditivo,6,37.28
183,2,Aditivo,7,27.39
183,2,Aditivo,8,27.58
183,2,Aditivo,9,35.83
183,2,Aditivo,10,27.59
183,2,Aditivo,11,37.25
183,2,Aditivo,12,30.32
183,2,Aditivo,13,27.72
183,2,Aditivo,14,28.89
183,2,Aditivo,15,31.36
183,2,Aditivo,16,30.8
183,2,Aditivo,17,30.47
183,2,Aditivo,18,34.39
183,2,Aditivo,19,32.77
183,2,Aditivo,20,33.64
183,2,Aditivo,21,32.76
183,2,Aditivo,22,33.06
183,2,Aditivo,23,31.66
183,2,Aditivo,24,34.05
183,2,Aditivo,25,34.06
183,2,Aditivo,26,32.82
183,2,Aditivo,27,27.51
183,2,Aditivo,28,35.36
183,2,Aditivo,29,33.88
183,2,Aditivo,30,34.16
183,2,Aditivo,31,38.16
183,2,Aditivo,32,36.79
183,2,Aditivo,33,34.3
183,2,Aditivo,34,32.89
183,2,Aditivo,35,40.07
183,2,Aditivo,36,35.26
183,2,Aditivo,37,29.58
183,2,Aditivo,38,34.64
183,2,Aditivo,39,32.64
183,2,Aditivo,40,32.89
183,2,Aditivo,41,38.05
183,2,Aditivo,42,37.88
183,2,Aditivo,43,32.1
183,2,Aditivo,44,35.11
183,2,Aditivo,45,35.58
183,2,Aditivo,46,34.69
183,2,Aditivo,47,32.71
183,2,Aditivo,48,38.81
183,2,Aditivo,49,30.64
183,2,Aditivo,50,34.86
183,2,Aditivo,51,33.84
183,2,Aditivo,52,35.64
184,5,Control,1,25.7
184,5,Control,2,29.41
184,5,Control,3,27.59
184,5,Control,4,30.0
184,5,Control,5,29.56
184,5,Control,6,32.33
184,5,Control,7,32.12
184,5,Control,8,33.93
184,5,Control,9,28.92
184,5,Control,10,26.99
184,5,Control,11,25.85
184,5,Control,12,33.28
184,5,Control,13,30.72
184,5,Control,14,32.47
184,5,Control,15,33.19
184,5,Control,16,30.88
184,5,Control,17,29.85
184,5,Control,18,30.8
184,5,Control,19,34.98
184,5,Control,20,36.5
184,5,Control,21,31.37
184,5,Control,22,28.27
184,5,Control,23,30.95
184,5,Control,24,30.35
184,5,Control,25,28.89
184,5,Control,26,32.37
184,5,Control,27,32.09
184,5,Control,28,23.72
184,5,Control,29,31.76
184,5,Control,30,34.23
184,5,Control,31,32.76
184,5,Control,32,29.41
184,5,Control,33,30.28
184,5,Control,34,25.95
184,5,Control,35,27.6
184,5,Control,36,32.46
184,5,Control,37,37.81
184,5,Control,38,31.19
184,5,Control,39,35.53
184,5,Control,40,34.7
184,5,Control,41,32.53
184,5,Control,42,24.48
184,5,Control,43,36.7
184,5,Control,44,32.38
184,5,Control,45,27.55
184,5,Control,46,34.1
184,5,Control,47,30.16
184,5,Control,48,26.67
184,5,Control,49,35.92
184,5,Control,50,33.84
184,5,Control,51,31.99
184,5,Control,52,32.16
185,3,Control,1,27.82
185,3,Control,2,32.02
185,3,Control,3,32.17
185,3,Control,4,31.44
185,3,Control,5,28.68
185,3,Control,6,30.86
185,3,Control,7,29.16
185,3,Control,8,27.06
185,3,Control,9,31.21
185,3,Control,10,36.92
185,3,Control,11,32.14
185,3,Control,12,28.37
185,3,Control,13,31.12
185,3,Control,14,23.94
185,3,Control,15,32.37
185,3,Control,16,30.31
185,3,Control,17,33.24
185,3,Control,18,30.24
185,3,Control,19,26.69
185,3,Control,20,34.46
185,3,Control,21,29.57
185,3,Control,22,28.26
185,3,Control,23,29.98
185,3,Control,24,29.97
185,3,Control,25,32.01
185,3,Control,26,29.77
185,3,Control,27,33.41
185,3,Control,28,36.95
185,3,Control,29,32.15
185,3,Control,30,32.78
185,3,Control,31,30.53
185,3,Control,32,32.3
185,3,Control,33,32.29
185,3,Control,34,31.69
185,3,Control,35,33.07
185,3,Control,36,27.4
185,3,Control,37,35.82
185,3,Control,38,30.8
185,3,Control,39,28.36
185,3,Control,40,33.24
185,3,Control,41,28.9
185,3,Control,42,32.22
185,3,Control,43,31.14
185,3,Control,44,31.84
185,3,Control,45,32.44
185,3,Control,46,36.56
185,3,Control,47,28.34
185,3,Control,48,31.69
185,3,Control,49,39.71
185,3,Control,50,34.63
185,3,Control,51,28.11
185,3,Control,52,30.65
186,5,Control,1,27.06
186,5,Control,2,25.8
186,5,Control,3,27.81
186,5,Control,4,29.97
186,5,Control,5,31.61
186,5,Control,6,28.22
186,5,Control,7,34.04
186,5,Control,8,27.56
186,5,Control,9,28.77
186,5,Control,10,30.29
186,5,Control,11,28.41
186,5,Control,12,31.55
186,5,Control,13,23.52
186,5,Control,14,29.08
186,5,Control,15,27.4
186,5,Control,16,40.96
186,5,Control,17,32.63
186,5,Control,18,35.92
186,5,Control,19,34.08
186,5,Control,20,29.55
186,5,Control,21,28.73
186,5,Control,22,35.04
186,5,Control,23,30.09
186,5,Control,24,31.69
186,5,Control,25,31.4
186,5,Control,26,34.3
186,5,Control,27,27.76
186,5,Control,28,31.38
186,5,Control,29,28.64
186,5,Control,30,26.51
186,5,Control,31,30.42
186,5,Control,32,36.16
186,5,Control,33,26.97
186,5,Control,34,31.47
186,5,Control,35,29.46
186,5,Control,36,28.84
186,5,Control,37,28.5
186,5,Control,38,29.76
186,5,Control,39,27.48
186,5,Control,40,33.24
186,5,Control,41,24.4
186,5,Control,42,30.59
186,5,Control,43,30.21
186,5,Control,44,32.38
186,5,Control,45,34.01
186,5,Control,46,31.63
186,5,Control,47,33.7
186,5,Control,48,34.84
186,5,Control,49,33.37
186,5,Control,50,25.91
186,5,Control,51,34.15
186,5,Control,52,30.37
187,2,Control,1,28.66
187,2,Control,2,31.17
187,2,Control,3,31.64
187,2,Control,4,34.06
187,2,Control,5,28.16
187,2,Control,6,30.1
187,2,Control,7,31.22
187,2,Control,8,28.12
187,2,Control,9,34.76
187,2,Control,10,29.49
187,2,Control,11,32.94
187,2,Control,12,29.54
187,2,Control,13,26.77
187,2,Control,14,30.39
187,2,Control,15,28.96
187,2,Control,16,31.15
187,2,Control,17,30.51
187,2,Control,18,33.14
187,2,Control,19,29.04
187,2,Control,20,33.54
187,2,Control,21,29.29
187,2,Control,22,31.36
187,2,Control,23,30.85
187,2,Control,24,29.94
187,2,Control,25,32.72
187,2,Control,26,33.41
187,2,Control,27,35.54
187,2,Control,28,27.14
187,2,Control,29,39.93
187,2,Control,30,33.88
187,2,Control,31,32.43
187,2,Control,32,33.56
187,2,Control,33,33.35
187,2,Control,34,36.14
187,2,Control,35,30.55
187,2,Control,36,26.8
187,2,Control,37,27.8
187,2,Control,38,31.56
187,2,Control,39,33.57
187,2,Control,40,30.39
187,2,Control,41,28.87
187,2,Control,42,28.24
187,2,Control,43,35.36
187,2,Control,44,37.93
187,2,Control,45,34.2
187,2,Control,46,30.51
187,2,Control,47,28.16
187,2,Control,48,30.98
187,2,Control,49,34.2
187,2,Control,50,35.41
187,2,Control,51,28.83
187,2,Control,52,31.66
188,4,Control,1,36.6
188,4,Control,2,28.46
188,4,Control,3,32.94
188,4,Control,4,30.24
188,4,Control,5,31.73
188,4,Control,6,30.32
188,4,Control,7,28.41
188,4,Control,8,27.92
188,4,Control,9,33.18
188,4,Control,10,30.34
188,4,Control,11,29.51
188,4,Control,12,26.35
188,4,Control,13,35.51
188,4,Control,14,24.21
188,4,Control,15,29.19
188,4,Control,16,33.79
188,4,Control,17,30.25
188,4,Control,18,35.32
188,4,Control,19,29.34
188,4,Control,20,27.45
188,4,Control,21,35.23
188,4,Control,22,34.13
188,4,Control,23,28.19
188,4,Control,24,31.0
188,4,Control,25,32.24
188,4,Control,26,30.81
188,4,Control,27,32.54
188,4,Control,28,37.47
188,4,Control,29,34.44
188,4,Control,30,32.42
188,4,Control,31,30.69
188,4,Control,32,33.09
188,4,Control,33,32.28
188,4,Control,34,29.83
188,4,Control,35,33.72
188,4,Control,36,34.66
188,4,Control,37,30.83
188,4,Control,38,31.55
188,4,Control,39,30.05
188,4,Control,40,28.24
188,4,Control,41,27.89
188,4,Control,42,33.34
188,4,Control,43,28.62
188,4,Control,44,36.87
188,4,Control,45,28.33
188,4,Control,46,34.68
188,4,Control,47,32.66
188,4,Control,48,35.6
188,4,Control,49,32.73
188,4,Control,50,26.88
188,4,Control,51,33.36
188,4,Control,52,33.23
189,5,Aditivo,1,30.24
189,5,Aditivo,2,33.34
189,5,Aditivo,3,35.15
189,5,Aditivo,4,30.86
189,5,Aditivo,5,33.46
189,5,Aditivo,6,28.2
189,5,Aditivo,7,33.19
189,5,Aditivo,8,35.84
189,5,Aditivo,9,34.22
189,5,Aditivo,10,33.18
189,5,Aditivo,11,36.55
189,5,Aditivo,12,33.77
189,5,Aditivo,13,32.56
189,5,Aditivo,14,28.16
189,5,Aditivo,15,31.78
189,5,Aditivo,16,31.55
189,5,Aditivo,17,35.31
189,5,Aditivo,18,33.2
189,5,Aditivo,19,30.68
189,5,Aditivo,20,34.37
189,5,Aditivo,21,34.94
189,5,Aditivo,22,33.27
189,5,Aditivo,23,27.13
189,5,Aditivo,24,34.55
189,5,Aditivo,25,37.32
189,5,Aditivo,26,32.95
189,5,Aditivo,27,38.73
189,5,Aditivo,28,31.03
189,5,Aditivo,29,30.8
189,5,Aditivo,30,30.95
189,5,Aditivo,31,33.63
189,5,Aditivo,32,34.05
189,5,Aditivo,33,35.16
189,5,Aditivo,34,37.29
189,5,Aditivo,35,34.78
189,5,Aditivo,36,36.32
189,5,Aditivo,37,31.12
189,5,Aditivo,38,30.56
189,5,Aditivo,39,37.59
189,5,Aditivo,40,33.55
189,5,Aditivo,41,31.35
189,5,Aditivo,42,31.63
189,5,Aditivo,43,34.35
189,5,Aditivo,44,33.53
189,5,Aditivo,45,35.13
189,5,Aditivo,46,37.55
189,5,Aditivo,47,34.33
189,5,Aditivo,48,33.2
189,5,Aditivo,49,39.93
189,5,Aditivo,50,32.64
189,5,Aditivo,51,36.49
189,5,Aditivo,52,32.7
190,1,Aditivo,1,36.63
190,1,Aditivo,2,36.51
190,1,Aditivo,3,34.59
190,1,Aditivo,4,31.5
190,1,Aditivo,5,30.75
190,1,Aditivo,6,31.71
190,1,Aditivo,7,31.62
190,1,Aditivo,8,34.05
190,1,Aditivo,9,32.44
190,1,Aditivo,10,29.21
190,1,Aditivo,11,32.33
190,1,Aditivo,12,35.16
190,1,Aditivo,13,33.65
190,1,Aditivo,14,34.31
190,1,Aditivo,15,26.89
190,1,Aditivo,16,34.18
190,1,Aditivo,17,28.71
190,1,Aditivo,18,30.85
190,1,Aditivo,19,36.86
190,1,Aditivo,20,36.25
190,1,Aditivo,21,38.48
190,1,Aditivo,22,31.35
190,1,Aditivo,23,29.1
190,1,Aditivo,24,32.87
190,1,Aditivo,25,30.5
190,1,Aditivo,26,33.11
190,1,Aditivo,27,33.35
190,1,Aditivo,28,35.35
190,1,Aditivo,29,31.84
190,1,Aditivo,30,34.03
190,1,Aditivo,31,29.77
190,1,Aditivo,32,33.4
190,1,Aditivo,33,32.92
190,1,Aditivo,34,31.82
190,1,Aditivo,35,33.69
190,1,Aditivo,36,32.75
190,1,Aditivo,37,33.11
190,1,Aditivo,38,33.71
190,1,Aditivo,39,32.12
190,1,Aditivo,40,32.71
190,1,Aditivo,41,34.53
190,1,Aditivo,42,37.81
190,1,Aditivo,43,28.33
190,1,Aditivo,44,36.4
190,1,Aditivo,45,32.98
190,1,Aditivo,46,32.03
190,1,Aditivo,47,35.55
190,1,Aditivo,48,39.67
190,1,Aditivo,49,37.58
190,1,Aditivo,50,35.12
190,1,Aditivo,51,31.91
190,1,Aditivo,52,30.94
191,3,Control,1,34.54
191,3,Control,2,31.17
191,3,Control,3,34.41
191,3,Control,4,30.68
191,3,Control,5,32.12
191,3,Control,6,29.68
191,3,Control,7,33.09
191,3,Control,8,29.19
191,3,Control,9,34.62
191,3,Control,10,31.35
191,3,Control,11,30.75
191,3,Control,12,32.1
191,3,Control,13,28.17
191,3,Control,14,26.42
191,3,Control,15,28.3
191,3,Control,16,32.82
191,3,Control,17,27.1
191,3,Control,18,33.99
191,3,Control,19,32.69
191,3,Control,20,29.39
191,3,Control,21,31.56
191,3,Control,22,29.27
191,3,Control,23,30.9
191,3,Control,24,30.43
191,3,Control,25,33.28
191,3,Control,26,27.32
191,3,Control,27,34.4
191,3,Control,28,36.51
191,3,Control,29,30.02
191,3,Control,30,31.33
191,3,Control,31,29.17
191,3,Control,32,25.08
191,3,Control,33,30.37
191,3,Control,34,29.7
191,3,Control,35,30.89
191,3,Control,36,30.93
191,3,Control,37,35.64
191,3,Control,38,31.27
191,3,Control,39,33.24
191,3,Control,40,32.02
191,3,Control,41,31.08
191,3,Control,42,27.43
191,3,Control,43,35.41
191,3,Control,44,32.94
191,3,Control,45,29.56
191,3,Control,46,29.75
191,3,Control,47,30.6
191,3,Control,48,28.0
191,3,Control,49,28.12
191,3,Control,50,31.18
191,3,Control,51,33.53
191,3,Control,52,26.7
192,2,Aditivo,1,33.15
192,2,Aditivo,2,32.54
192,2,Aditivo,3,29.82
192,2,Aditivo,4,35.61
192,2,Aditivo,5,33.55
192,2,Aditivo,6,35.28
192,2,Aditivo,7,34.37
192,2,Aditivo,8,33.05
192,2,Aditivo,9,30.33
192,2,Aditivo,10,33.01
192,2,Aditivo,11,32.94
192,2,Aditivo,12,31.15
192,2,Aditivo,13,38.12
192,2,Aditivo,14,34.83
192,2,Aditivo,15,31.88
192,2,Aditivo,16,32.69
192,2,Aditivo,17,32.32
192,2,Aditivo,18,29.76
192,2,Aditivo,19,33.67
192,2,Aditivo,20,29.62
192,2,Aditivo,21,29.48
192,2,Aditivo,22,35.99
192,2,Aditivo,23,33.34
192,2,Aditivo,24,31.06
192,2,Aditivo,25,35.54
192,2,Aditivo,26,33.97
192,2,Aditivo,27,37.25
192,2,Aditivo,28,35.11
192,2,Aditivo,29,29.37
192,2,Aditivo,30,41.19
192,2,Aditivo,31,35.02
192,2,Aditivo,32,31.49
192,2,Aditivo,33,37.57
192,2,Aditivo,34,33.61
192,2,Aditivo,35,33.86
192,2,Aditivo,36,33.51
192,2,Aditivo,37,30.25
192,2,Aditivo,38,25.87
192,2,Aditivo,39,31.38
192,2,Aditivo,40,34.23
192,2,Aditivo,41,31.21
192,2,Aditivo,42,39.78
192,2,Aditivo,43,34.87
192,2,Aditivo,44,32.77
192,2,Aditivo,45,27.92
192,2,Aditivo,46,37.72
192,2,Aditivo,47,33.93
192,2,Aditivo,48,36.55
192,2,Aditivo,49,33.5
192,2,Aditivo,50,36.29
192,2,Aditivo,51,35.07
192,2,Aditivo,52,29.8
193,5,Aditivo,1,28.05
193,5,Aditivo,2,31.92
193,5,Aditivo,3,30.71
193,5,Aditivo,4,29.05
193,5,Aditivo,5,34.97
193,5,Aditivo,6,34.04
193,5,Aditivo,7,34.69
193,5,Aditivo,8,39.61
193,5,Aditivo,9,30.06
193,5,Aditivo,10,30.4
193,5,Aditivo,11,37.51
193,5,Aditivo,12,31.27
193,5,Aditivo,13,30.37
193,5,Aditivo,14,33.24
193,5,Aditivo,15,33.99
193,5,Aditivo,16,31.22
193,5,Aditivo,17,33.3
193,5,Aditivo,18,33.4
193,5,Aditivo,19,38.45
193,5,Aditivo,20,38.63
193,5,Aditivo,21,32.62
193,5,Aditivo,22,31.65
193,5,Aditivo,23,32.32
193,5,Aditivo,24,32.66
193,5,Aditivo,25,32.03
193,5,Aditivo,26,32.67
193,5,Aditivo,27,38.28
193,5,Aditivo,28,30.14
193,5,Aditivo,29,32.94
193,5,Aditivo,30,32.65
193,5,Aditivo,31,31.23
193,5,Aditivo,32,24.43
193,5,Aditivo,33,33.12
193,5,Aditivo,34,31.4
193,5,Aditivo,35,42.12
193,5,Aditivo,36,31.68
193,5,Aditivo,37,38.71
193,5,Aditivo,38,32.35
193,5,Aditivo,39,27.27
193,5,Aditivo,40,32.03
193,5,Aditivo,41,32.01
193,5,Aditivo,42,32.88
193,5,Aditivo,43,35.02
193,5,Aditivo,44,34.94
193,5,Aditivo,45,36.99
193,5,Aditivo,46,35.71
193,5,Aditivo,47,29.87
193,5,Aditivo,48,33.41
193,5,Aditivo,49,30.17
193,5,Aditivo,50,38.04
193,5,Aditivo,51,38.61
193,5,Aditivo,52,37.01
194,4,Aditivo,1,25.75
194,4,Aditivo,2,35.22
194,4,Aditivo,3,32.03
194,4,Aditivo,4,35.19
194,4,Aditivo,5,31.32
194,4,Aditivo,6,32.19
194,4,Aditivo,7,35.33
194,4,Aditivo,8,36.28
194,4,Aditivo,9,29.6
194,4,Aditivo,10,29.78
194,4,Aditivo,11,34.83
194,4,Aditivo,12,29.72
194,4,Aditivo,13,31.17
194,4,Aditivo,14,36.85
194,4,Aditivo,15,30.65
194,4,Aditivo,16,33.77
194,4,Aditivo,17,30.02
194,4,Aditivo,18,30.52
194,4,Aditivo,19,32.83
194,4,Aditivo,20,35.07
194,4,Aditivo,21,29.01
194,4,Aditivo,22,32.57
194,4,Aditivo,23,29.33
194,4,Aditivo,24,35.27
194,4,Aditivo,25,34.98
194,4,Aditivo,26,38.31
194,4,Aditivo,27,30.82
194,4,Aditivo,28,36.2
194,4,Aditivo,29,30.17
194,4,Aditivo,30,39.15
194,4,Aditivo,31,35.02
194,4,Aditivo,32,36.71
194,4,Aditivo,33,30.12
194,4,Aditivo,34,38.67
194,4,Aditivo,35,37.23
194,4,Aditivo,36,37.36
194,4,Aditivo,37,31.07
194,4,Aditivo,38,26.48
194,4,Aditivo,39,31.16
194,4,Aditivo,40,35.02
194,4,Aditivo,41,31.15
194,4,Aditivo,42,34.17
194,4,Aditivo,43,31.43
194,4,Aditivo,44,31.93
194,4,Aditivo,45,37.93
194,4,Aditivo,46,32.71
194,4,Aditivo,47,35.81
194,4,Aditivo,48,35.84
194,4,Aditivo,49,34.43
194,4,Aditivo,50,33.43
194,4,Aditivo,51,33.31
194,4,Aditivo,52,37.32
195,3,Control,1,30.55
195,3,Control,2,26.15
195,3,Control,3,30.93
195,3,Control,4,28.39
195,3,Control,5,27.09
195,3,Control,6,30.71
195,3,Control,7,32.05
195,3,Control,8,31.17
195,3,Control,9,26.33
195,3,Control,10,28.73
195,3,Control,11,31.74
195,3,Control,12,29.19
195,3,Control,13,35.55
195,3,Control,14,31.84
195,3,Control,15,25.29
195,3,Control,16,30.85
195,3,Control,17,28.77
195,3,Control,18,31.18
195,3,Control,19,33.47
195,3,Control,20,25.34
195,3,Control,21,27.7
195,3,Control,22,29.87
195,3,Control,23,32.66
195,3,Control,24,35.49
195,3,Control,25,34.95
195,3,Control,26,27.32
195,3,Control,27,32.73
195,3,Control,28,32.41
195,3,Control,29,30.97
195,3,Control,30,33.38
195,3,Control,31,29.42
195,3,Control,32,30.65
195,3,Control,33,35.49
195,3,Control,34,33.58
195,3,Control,35,24.06
195,3,Control,36,32.02
195,3,Control,37,28.76
195,3,Control,38,36.92
195,3,Control,39,34.87
195,3,Control,40,31.19
195,3,Control,41,35.04
195,3,Control,42,30.37
195,3,Control,43,34.91
195,3,Control,44,33.18
195,3,Control,45,34.48
195,3,Control,46,27.85
195,3,Control,47,33.35
195,3,Control,48,30.03
195,3,Control,49,31.07
195,3,Control,50,31.58
195,3,Control,51,31.69
195,3,Control,52,31.2
196,1,Control,1,25.8
196,1,Control,2,33.51
196,1,Control,3,30.67
196,1,Control,4,29.56
196,1,Control,5,34.3
196,1,Control,6,30.78
196,1,Control,7,26.04
196,1,Control,8,27.25
196,1,Control,9,30.68
196,1,Control,10,30.36
196,1,Control,11,31.98
196,1,Control,12,29.64
196,1,Control,13,27.97
196,1,Control,14,33.53
196,1,Control,15,31.26
196,1,Control,16,24.94
196,1,Control,17,34.08
196,1,Control,18,33.7
196,1,Control,19,29.83
196,1,Control,20,29.92
196,1,Control,21,32.49
196,1,Control,22,34.33
196,1,Control,23,27.55
196,1,Control,24,35.57
196,1,Control,25,33.43
196,1,Control,26,27.49
196,1,Control,27,26.7
196,1,Control,28,31.18
196,1,Control,29,33.11
196,1,Control,30,28.0
196,1,Control,31,29.91
196,1,Control,32,31.02
196,1,Control,33,28.63
196,1,Control,34,27.42
196,1,Control,35,35.69
196,1,Control,36,33.9
196,1,Control,37,37.0
196,1,Control,38,35.8
196,1,Control,39,27.26
196,1,Control,40,32.76
196,1,Control,41,35.99
196,1,Control,42,34.21
196,1,Control,43,29.92
196,1,Control,44,30.03
196,1,Control,45,33.23
196,1,Control,46,35.23
196,1,Control,47,28.54
196,1,Control,48,30.85
196,1,Control,49,33.43
196,1,Control,50,35.38
196,1,Control,51,35.27
196,1,Control,52,31.72
197,5,Aditivo,1,27.0
197,5,Aditivo,2,31.83
197,5,Aditivo,3,35.27
197,5,Aditivo,4,31.79
197,5,Aditivo,5,37.87
197,5,Aditivo,6,32.1
197,5,Aditivo,7,29.97
197,5,Aditivo,8,30.09
197,5,Aditivo,9,33.91
197,5,Aditivo,10,32.67
197,5,Aditivo,11,28.13
197,5,Aditivo,12,31.77
197,5,Aditivo,13,33.88
197,5,Aditivo,14,34.69
197,5,Aditivo,15,28.96
197,5,Aditivo,16,38.2
197,5,Aditivo,17,32.14
197,5,Aditivo,18,33.4
197,5,Aditivo,19,32.3
197,5,Aditivo,20,32.26
197,5,Aditivo,21,33.43
197,5,Aditivo,22,37.57
197,5,Aditivo,23,35.77
197,5,Aditivo,24,27.55
197,5,Aditivo,25,35.44
197,5,Aditivo,26,26.44
197,5,Aditivo,27,36.06
197,5,Aditivo,28,33.58
197,5,Aditivo,29,34.19
197,5,Aditivo,30,31.41
197,5,Aditivo,31,33.0
197,5,Aditivo,32,43.58
197,5,Aditivo,33,37.62
197,5,Aditivo,34,38.98
197,5,Aditivo,35,37.6
197,5,Aditivo,36,39.27
197,5,Aditivo,37,31.34
197,5,Aditivo,38,34.46
197,5,Aditivo,39,36.65
197,5,Aditivo,40,36.28
197,5,Aditivo,41,35.59
197,5,Aditivo,42,35.99
197,5,Aditivo,43,35.58
197,5,Aditivo,44,35.09
197,5,Aditivo,45,36.94
197,5,Aditivo,46,35.32
197,5,Aditivo,47,34.2
197,5,Aditivo,48,38.31
197,5,Aditivo,49,36.61
197,5,Aditivo,50,37.04
197,5,Aditivo,51,27.96
197,5,Aditivo,52,38.67
198,4,Aditivo,1,31.47
198,4,Aditivo,2,32.46
198,4,Aditivo,3,33.3
198,4,Aditivo,4,32.5
198,4,Aditivo,5,28.57
198,4,Aditivo,6,32.73
198,4,Aditivo,7,35.22
198,4,Aditivo,8,30.31
198,4,Aditivo,9,28.94
198,4,Aditivo,10,35.61
198,4,Aditivo,11,31.41
198,4,Aditivo,12,28.55
198,4,Aditivo,13,31.4
198,4,Aditivo,14,31.87
198,4,Aditivo,15,32.62
198,4,Aditivo,16,30.15
198,4,Aditivo,17,35.15
198,4,Aditivo,18,31.94
198,4,Aditivo,19,30.95
198,4,Aditivo,20,34.54
198,4,Aditivo,21,29.19
198,4,Aditivo,22,36.84
198,4,Aditivo,23,30.98
198,4,Aditivo,24,33.79
198,4,Aditivo,25,35.81
198,4,Aditivo,26,36.18
198,4,Aditivo,27,32.0
198,4,Aditivo,28,34.91
198,4,Aditivo,29,34.1
198,4,Aditivo,30,33.37
198,4,Aditivo,31,35.69
198,4,Aditivo,32,38.74
198,4,Aditivo,33,30.7
198,4,Aditivo,34,30.56
198,4,Aditivo,35,34.32
198,4,Aditivo,36,36.1
198,4,Aditivo,37,38.62
198,4,Aditivo,38,38.61
198,4,Aditivo,39,34.15
198,4,Aditivo,40,35.65
198,4,Aditivo,41,35.42
198,4,Aditivo,42,30.13
198,4,Aditivo,43,41.82
198,4,Aditivo,44,33.7
198,4,Aditivo,45,38.12
198,4,Aditivo,46,38.34
198,4,Aditivo,47,34.44
198,4,Aditivo,48,35.11
198,4,Aditivo,49,30.14
198,4,Aditivo,50,41.25
198,4,Aditivo,51,33.31
198,4,Aditivo,52,38.69
199,1,Aditivo,1,29.85
199,1,Aditivo,2,29.22
199,1,Aditivo,3,24.59
199,1,Aditivo,4,33.69
199,1,Aditivo,5,33.65
199,1,Aditivo,6,32.19
199,1,Aditivo,7,28.28
199,1,Aditivo,8,27.7
199,1,Aditivo,9,36.42
199,1,Aditivo,10,32.26
199,1,Aditivo,11,31.76
199,1,Aditivo,12,32.76
199,1,Aditivo,13,37.78
199,1,Aditivo,14,35.42
199,1,Aditivo,15,31.01
199,1,Aditivo,16,37.39
199,1,Aditivo,17,34.36
199,1,Aditivo,18,32.15
199,1,Aditivo,19,33.77
199,1,Aditivo,20,36.92
199,1,Aditivo,21,35.72
199,1,Aditivo,22,29.71
199,1,Aditivo,23,37.13
199,1,Aditivo,24,32.68
199,1,Aditivo,25,29.1
199,1,Aditivo,26,34.35
199,1,Aditivo,27,37.59
199,1,Aditivo,28,36.68
199,1,Aditivo,29,36.53
199,1,Aditivo,30,34.94
199,1,Aditivo,31,32.42
199,1,Aditivo,32,35.07
199,1,Aditivo,33,35.61
199,1,Aditivo,34,34.35
199,1,Aditivo,35,31.97
199,1,Aditivo,36,33.51
199,1,Aditivo,37,37.03
199,1,Aditivo,38,35.74
199,1,Aditivo,39,33.39
199,1,Aditivo,40,34.82
199,1,Aditivo,41,38.02
199,1,Aditivo,42,32.23
199,1,Aditivo,43,28.19
199,1,Aditivo,44,38.39
199,1,Aditivo,45,34.37
199,1,Aditivo,46,31.0
199,1,Aditivo,47,35.84
199,1,Aditivo,48,37.3
199,1,Aditivo,49,32.67
199,1,Aditivo,50,35.77
199,1,Aditivo,51,41.01
199,1,Aditivo,52,34.82
200,5,Aditivo,1,39.83
200,5,Aditivo,2,31.27
200,5,Aditivo,3,41.53
200,5,Aditivo,4,29.24
200,5,Aditivo,5,29.36
200,5,Aditivo,6,31.7
200,5,Aditivo,7,32.57
200,5,Aditivo,8,27.98
200,5,Aditivo,9,30.77
200,5,Aditivo,10,25.67
200,5,Aditivo,11,39.44
200,5,Aditivo,12,34.14
200,5,Aditivo,13,32.92
200,5,Aditivo,14,30.23
200,5,Aditivo,15,30.64
200,5,Aditivo,16,29.63
200,5,Aditivo,17,31.5
200,5,Aditivo,18,34.27
200,5,Aditivo,19,32.17
200,5,Aditivo,20,30.31
200,5,Aditivo,21,29.93
200,5,Aditivo,22,36.34
200,5,Aditivo,23,31.47
200,5,Aditivo,24,40.25
200,5,Aditivo,25,30.61
200,5,Aditivo,26,35.91
200,5,Aditivo,27,32.79
200,5,Aditivo,28,33.4
200,5,Aditivo,29,30.73
200,5,Aditivo,30,38.51
200,5,Aditivo,31,34.98
200,5,Aditivo,32,33.11
200,5,Aditivo,33,34.78
200,5,Aditivo,34,37.43
200,5,Aditivo,35,34.91
200,5,Aditivo,36,34.42
200,5,Aditivo,37,31.18
200,5,Aditivo,38,34.19
200,5,Aditivo,39,28.75
200,5,Aditivo,40,31.41
200,5,Aditivo,41,33.0
200,5,Aditivo,42,29.0
200,5,Aditivo,43,33.03
200,5,Aditivo,44,32.67
200,5,Aditivo,45,35.23
200,5,Aditivo,46,28.35
200,5,Aditivo,47,31.91
200,5,Aditivo,48,38.37
200,5,Aditivo,49,36.94
200,5,Aditivo,50,34.33
200,5,Aditivo,51,36.8
200,5,Aditivo,52,32.29
